Sid,Scid,食物类名称,食物名称,别名,热量(千卡),蛋白质(克),脂肪(克),碳水化合物(克)
1,1,谷类,小麦,小麦、白麦,317,11.9,1.3,64.4
2,1,谷类,五谷香,五谷香,377,9.9,2.6,78.4
3,1,谷类,小麦粉(标准粉),小麦粉、小麦面粉、面粉,344,11.2,1.5,71.5
4,1,谷类,小麦粉(富强粉，特一粉),小麦粉、小麦面粉、面粉,350,10.3,1.1,74.6
5,1,谷类,小麦粉(特二粉),小麦粉、小麦面粉、面粉,349,10.4,1.1,74.3
6,1,谷类,小麦胚粉,小麦胚粉,392,36.4,10.1,38.9
7,1,谷类,麸皮,麸皮,220,15.8,4,30.1
8,1,谷类,挂面(均值),挂面,346,10.3,0.6,74.9
9,1,谷类,挂面(标准粉),挂面,344,10.1,0.7,74.4
10,1,谷类,挂面(富强粉),挂面,347,9.6,0.6,75.7
11,1,谷类,挂面(精制龙须面),挂面,347,11.2,0.5,74.5
12,1,谷类,面条(均值),面条,284,8.3,0.7,61.1
13,1,谷类,面条(标准粉，切面),面条,280,8.5,1.6,58
14,1,谷类,面条(富强粉，切面),面条,285,9.3,1.1,59.5
15,1,谷类,面条(特粉，切面),面条,286,7.3,0.1,63.9
16,1,谷类,面条(富强粉，煮),面条,109,2.7,0.2,24.2
17,1,谷类,面条(干切面),面条,355,11,0.1,77.5
18,1,谷类,面条(虾蓉面),面条,429,8.5,15.1,64.7
19,1,谷类,通心面[通心粉],通心面、通心粉,350,11.9,0.1,75.4
20,1,谷类,花卷,花卷,211,6.4,1,44.1
21,1,谷类,空锅饼,空锅饼,277,8.6,0.2,60.2
22,1,谷类,烙饼(标准粉),烙饼,255,7.5,2.3,51
23,1,谷类,馒头(均值),馒头,221,7,1.1,45.7
24,1,谷类,馒头(标准粉),馒头,233,7.8,1,48.3
25,1,谷类,馒头(富强粉),馒头,208,6.2,1.2,43.2
26,1,谷类,烧饼(加糖),烧饼,293,8,2.1,60.6
27,1,谷类,油饼,油饼,399,7.9,22.9,40.4
28,1,谷类,油条,油条,386,6.9,17.6,50.1
29,1,谷类,水面筋,水面筋,141,23.5,0.1,11.4
30,1,谷类,油面筋,油面筋,490,26.9,25.1,39.1
31,1,谷类,稻米(均值),稻米、糯米、江米、元米,346,7.4,0.8,77.2
32,1,谷类,粳米(标一),粳米、硬米,343,7.7,0.6,76.8
33,1,谷类,粳米(标二),粳米、硬米,347,8,0.6,77.3
34,1,谷类,粳米(标三),粳米、硬米,345,7.2,0.8,77.2
35,1,谷类,粳米(标四),粳米、硬米,346,7.5,0.7,77.4
36,1,谷类,粳米(特等),粳米、硬米,334,7.3,0.4,75.3
37,1,谷类,籼米(标一),籼米,346,7.7,0.7,77.3
38,1,谷类,籼米(标准)[机米],籼米,347,7.9,0.6,77.5
39,1,谷类,籼米(优标),籼米,349,8.3,1,76.8
40,1,谷类,早籼,早籼,359,9.9,2.2,74.8
41,1,谷类,早籼(标一),早籼,351,8.8,1,76.8
42,1,谷类,早籼(标二),早籼,345,9.5,1,74.6
43,1,谷类,早籼(特等),早籼,346,9.1,0.6,76
44,1,谷类,晚籼(标一),晚籼,345,7.9,0.7,76.8
45,1,谷类,晚籼(标二),晚籼,343,8.6,0.8,75.3
46,1,谷类,晚籼(特等),晚籼,342,8.1,0.3,76.7
47,1,谷类,籼稻谷(红),籼稻谷,344,7,2,74.4
48,1,谷类,黑米,黑米,333,9.4,2.5,68.3
49,1,谷类,香大米,香大米、香米、香禾米、香稻,346,12.7,0.9,71.8
50,1,谷类,糯米[江米](均值),糯米、江米、稻米、元米,348,7.3,1,77.5
51,1,谷类,优糯米,优糯米,344,9,1,74.7
52,1,谷类,早糯谷,早糯谷,354,7.1,3.2,74.2
53,1,谷类,紫红糯米[血糯米],紫红糯米、血糯米,343,8.3,1.7,73.7
54,1,谷类,粳糯米,粳糯米,343,7.9,0.8,76
55,1,谷类,籼糯米,籼糯米,352,7.9,1.1,77.5
56,1,谷类,米饭(蒸)(均值),米饭、白饭、饭,116,2.6,0.3,25.6
57,1,谷类,粳米饭(蒸),粳米饭,117,2.6,0.3,26
58,1,谷类,籼米饭(蒸),籼米饭,114,2.5,0.2,25.6
59,1,谷类,粳米粥,粳米粥,46,1.1,0.3,9.8
60,1,谷类,籼米粉[排米粉],籼米粉、排米粉,355,7.4,0.1,81.2
61,1,谷类,籼米粉(干，细),籼米粉,346,8,0.1,78.2
62,1,谷类,高蛋白豆米粉(籼米),高蛋白豆米粉,414,16.5,7.1,71
63,1,谷类,玉米(鲜),玉米、苞谷、珍珠米、棒子、玉蜀黍、苞米,106,4,1.2,19.9
64,1,谷类,玉米(白，干),玉米、苞谷、珍珠米、棒子、玉蜀黍、苞米,336,8.8,3.8,66.7
65,1,谷类,玉米(黄，干),玉米、苞谷、珍珠米、棒子、玉蜀黍、苞米,335,8.7,3.8,66.6
66,1,谷类,玉米面(白),玉米面,340,8,4.5,66.9
67,1,谷类,玉米面(黄),玉米面,341,8.1,3.3,69.6
68,1,谷类,玉米面(强化豆粉),玉米面,339,11.8,4.9,61.9
69,1,谷类,玉米糁(黄),玉米糁,347,7.9,3,72
70,1,谷类,玉米笋(罐头),玉米笋,6,1.1,0.2,0
71,1,谷类,大麦[元麦],大麦、元麦、青稞、裸大麦、米大麦、青稞面、青稞粉,307,10.2,1.4,63.4
72,1,谷类,肚里黄,肚里黄,321,8.8,1.2,68.7
73,1,谷类,青稞,青稞、裸大麦、元麦、米大麦、青稞面、青稞粉,339,8.1,1.5,73.2
74,1,谷类,小米,小米、粟米、稞子、秫子、黏米、白梁粟、粟谷,358,9,3.1,73.5
75,1,谷类,小米面,小米面,356,7.2,2.1,77
76,1,谷类,小米粥,小米粥,46,1.4,0.7,8.4
77,1,谷类,大黄米[黍子],大黄米、黍子,349,13.6,2.7,67.6
78,1,谷类,黄米,黄米、黍、糜子、夏小米,342,9.7,1.5,72.5
79,1,谷类,高粱米,高粱米、蜀黍、高粱、桃粟、蜀秫、木稷、芦粟、番黍、荻粱,351,10.4,3.1,70.4
80,1,谷类,糜子(带皮),糜子、黄米、黍、夏小米,323,10.6,0.6,68.8
81,1,谷类,糜子米(炒米),糜子米,374,8.1,2.6,79.5
82,1,谷类,苦荞麦粉,苦荞麦粉,304,9.7,2.7,60.2
83,1,谷类,荞麦,荞麦、花麦、三角麦、乌麦、荍麦、花荞、甜养、荞子、麦、甜荞,324,9.3,2.3,66.5
84,1,谷类,荞麦(带皮),荞麦、花麦、三角麦、乌麦、荍麦、花荞、甜养、荞子、麦、甜荞,292,9.5,1.7,59.7
85,1,谷类,莜麦面,莜麦面,366,12.2,7.2,63.2
86,1,谷类,薏米[薏仁米，苡米],薏米、薏仁米、苡米、薏米仁、薏苡、薏苡仁、六谷米、沟子米、苡仁、薏仁,357,12.8,3.3,69.1
87,1,谷类,薏米面,薏米面,342,11.3,2.4,68.7
88,1,谷类,西米,西米、西谷米、沙谷米、沙弧米,358,0.2,0.2,94
89,1,谷类,葛根粉,葛根粉,357,0.31,0.08,88.12
90,1,谷类,米粉,米粉,348,0.4,0.8,85.8
91,1,谷类,紫米,紫米、紫糯米、接骨糯、紫珍珠,346,8.3,1.7,75.1
92,1,谷类,糙米,糙米,348,7.7,2.7,75
93,1,谷类,荞麦面,荞麦面,329,11.3,2.8,70.2
94,2,薯类淀粉,马铃薯[土豆，洋芋],马铃薯、土豆、洋芋、地蛋、山药蛋、洋番薯、馍馍蛋,76,2,0.2,16.5
95,2,薯类淀粉,马铃薯丁(脱水),马铃薯丁,337,5.7,0.5,77.4
96,2,薯类淀粉,马铃薯粉,马铃薯粉,337,7.2,0.5,76
97,2,薯类淀粉,甘薯(白心)[红皮山芋],甘薯、红薯、山芋、红芋、番薯、白薯、白芋、地瓜、红苕,104,1.4,0.2,24.2
98,2,薯类淀粉,甘薯(红心)[山芋，红薯],甘薯、红薯、山芋、红芋、番薯、白薯、白芋、地瓜、红苕,99,1.1,0.2,23.1
99,2,薯类淀粉,甘薯片[白薯干],甘薯片、白薯干,340,4.7,0.8,78.5
100,2,薯类淀粉,甘薯粉[地瓜粉],甘薯粉、地瓜粉,336,2.7,0.2,80.8
101,2,薯类淀粉,木薯,木薯,116,2.1,0.3,26.2
102,2,薯类淀粉,蚕豆淀粉,蚕豆淀粉,341,0.5,0,84.8
103,2,薯类淀粉,豌豆淀粉,豌豆淀粉,341,0.6,0,84.7
104,2,薯类淀粉,玉米淀粉,玉米淀粉,345,1.2,0.1,84.9
105,2,薯类淀粉,团粉[芡粉],团粉、芡粉、淀粉、驼粉、粉面、水淀粉,346,1.5,0,85
106,2,薯类淀粉,藕粉,藕粉、藕澄粉,372,0.2,0,92.9
107,2,薯类淀粉,桂花藕粉,桂花藕粉,344,0.4,0.1,85.3
108,2,薯类淀粉,魔芋精粉[鬼芋粉，南星粉],魔芋精粉、鬼芋粉、南星粉,37,4.6,0.1,4.4
109,2,薯类淀粉,粉丝,粉丝、细粉、线粉、丝粉、古称索粉,335,0.8,0.2,82.6
110,2,薯类淀粉,豌豆粉丝,豌豆粉丝,367,0.4,0,91.4
111,2,薯类淀粉,粉条,粉条,337,0.5,0.1,83.6
112,3,干豆类,黄豆[大豆],黄豆、大豆、黄大豆、枝豆、菜用大豆,359,35,16,18.7
113,3,干豆类,黑豆[黑大豆],黑豆、黑大豆、乌豆、橹豆、马料豆、料豆、零乌豆、冬豆子,381,36,15.9,23.4
114,3,干豆类,青豆[青大豆],青豆、青大豆,373,34.5,16,22.8
115,3,干豆类,黄豆粉,黄豆粉,418,32.7,18.3,30.6
116,3,干豆类,豆腐花[豆腐粉],豆腐花、豆腐粉,401,10,2.6,84.3
117,3,干豆类,豆浆粉,豆浆粉,422,19.7,9.4,64.6
118,3,干豆类,豆粕,豆粕,310,42.5,2.1,30.3
119,3,干豆类,豆粕(膨化)[大豆蛋白],豆粕,321,36.6,0.7,42.1
120,3,干豆类,豆腐(均值),豆腐,81,8.1,3.7,3.8
121,3,干豆类,豆腐(北),豆腐,98,12.2,4.8,1.5
122,3,干豆类,豆腐(南)[南豆腐],豆腐,57,6.2,2.5,2.4
123,3,干豆类,豆腐(内酯),豆腐,49,5,1.9,2.9
124,3,干豆类,豆腐脑[老豆腐],豆腐脑、老豆腐,15,1.9,0.8,0
125,3,干豆类,豆浆,豆浆,14,1.8,0.7,0
126,3,干豆类,豆奶[豆乳],豆奶、豆乳,30,2.4,1.5,1.8
127,3,干豆类,豆汁(生),豆汁,10,0.9,0.1,1.3
128,3,干豆类,酸豆奶,酸豆奶,67,2.2,1.2,11.8
129,3,干豆类,豆腐丝,豆腐丝、云丝,201,21.5,10.5,5.1
130,3,干豆类,豆腐丝(干),豆腐丝、云丝,451,57.7,22.8,3.7
131,3,干豆类,豆腐丝(油),豆腐丝、云丝,300,24.2,17.1,12.3
132,3,干豆类,豆腐卷,豆腐卷,201,17.9,11.6,6.2
133,3,干豆类,豆腐皮,豆腐皮、百片、豆腐衣,409,44.6,17.4,18.6
134,3,干豆类,油豆腐,油豆腐,244,17,17.6,4.3
135,3,干豆类,腐竹,腐竹、支竹、甜竹、腐筋,459,44.6,21.7,21.3
136,3,干豆类,枝竹,枝竹,472,44.4,24.7,18.1
137,3,干豆类,千张[百页],千张、百页、皮子、豆片、豆皮、豆腐皮,260,24.5,16,4.5
138,3,干豆类,豆腐干(均值),豆腐干、豆干、白干,140,16.2,3.6,10.7
139,3,干豆类,豆腐干(菜干),豆腐干、豆干、白干,136,13.4,7.1,4.7
140,3,干豆类,豆腐干(臭干),豆腐干、豆干、白干,99,10.2,4.6,4.1
141,3,干豆类,豆腐干(酱油干),豆腐干、豆干、白干,156,14.9,9.1,3.7
142,3,干豆类,豆腐干(卤干),豆腐干、豆干、白干,336,14.5,16.7,31.8
143,3,干豆类,豆腐干(蒲包干),豆腐干、豆干、白干,135,12.1,5.7,8.9
144,3,干豆类,豆腐干(香干),豆腐干、豆干、白干,151,15.8,7.8,4.3
145,3,干豆类,豆腐干(小香干),豆腐干、豆干、白干,174,17.9,9.1,5
146,3,干豆类,豆腐干(熏干),豆腐干、豆干、白干,153,15.8,6.2,8.5
147,3,干豆类,豆肝尖,豆肝尖,192,17.2,12,3.7
148,3,干豆类,素大肠,素大肠,153,18.1,3.6,12
149,3,干豆类,素火腿,素火腿,211,19.1,13.2,3.9
150,3,干豆类,素鸡,素鸡,192,16.5,12.5,3.3
151,3,干豆类,素鸡丝卷,素鸡丝卷,186,11.2,13.7,4.5
152,3,干豆类,素什锦,素什锦,173,14,10.2,6.3
153,3,干豆类,炸素虾,炸素虾,576,27.6,44.4,16.6
154,3,干豆类,烤麸,烤麸,121,20.4,0.3,9.1
155,3,干豆类,绿豆,绿豆、青小豆、植豆、交豆,316,21.6,0.8,55.6
156,3,干豆类,绿豆面,绿豆面,330,20.8,0.7,60
157,3,干豆类,绿豆饼[饼折],绿豆饼、饼折,122,15.2,1.2,12.7
158,3,干豆类,赤小豆[小豆，红小豆],赤小豆、小豆、红小豆、赤豆、亦豆、红豆、小红绿豆、虱拇豆、朱赤豆、金红小豆、朱小豆、猪肝赤、杜赤豆、虱牳豆、茅柴赤、米赤豆,309,20.2,0.6,55.7
159,3,干豆类,小豆粥,小豆粥,61,1.2,0.4,13.1
160,3,干豆类,豆沙,豆沙,243,5.5,1.9,51
161,3,干豆类,红豆馅,红豆馅,240,4.8,3.6,47.2
162,3,干豆类,花豆(红),花豆、红花菜豆、多花菜豆、多花花豆、肾豆、大红豆、虎豆、福豆、虎仔豆、虎斑豆、花圆豆,317,19.1,1.3,57.2
163,3,干豆类,花豆(紫),花豆、红花菜豆、多花菜豆、多花花豆、肾豆、大红豆、虎豆、福豆、虎仔豆、虎斑豆、花圆豆,315,17.2,1.4,58.4
164,3,干豆类,芸豆(白),芸豆、菜豆、花豆,296,23.4,1.4,47.4
165,3,干豆类,芸豆(红),芸豆、菜豆、花豆,314,21.4,1.3,54.2
166,3,干豆类,芸豆(虎皮),芸豆、菜豆、花豆,334,22.5,0.9,59
167,3,干豆类,芸豆(杂，带皮),芸豆、菜豆、花豆,306,22.4,0.6,52.8
168,3,干豆类,蚕豆,蚕豆、胡豆、佛豆、川豆、倭豆、罗汉豆,335,21.6,1,59.8
169,3,干豆类,蚕豆(带皮),蚕豆、胡豆、佛豆、川豆、倭豆、罗汉豆,304,24.6,1.1,49
170,3,干豆类,蚕豆(去皮),蚕豆、胡豆、佛豆、川豆、倭豆、罗汉豆,342,25.4,1.6,56.4
171,3,干豆类,马牙大豆,马牙大豆,321,27.2,0.9,51
172,3,干豆类,脑豆,脑豆,360,23.4,3.8,58.1
173,3,干豆类,蚕豆(烤),蚕豆、胡豆、佛豆、川豆、倭豆、罗汉豆,372,27,2,61.6
174,3,干豆类,蚕豆(炸)[开花豆],蚕豆、胡豆、佛豆、川豆、倭豆、罗汉豆,446,26.7,20,39.9
175,3,干豆类,扁豆,扁豆、藊豆、南扁豆、沿篱豆、蛾眉豆、凉衍豆、羊眼豆、膨皮豆、茶豆、南豆、小刀豆、树豆、藤豆,326,25.3,0.4,55.4
176,3,干豆类,扁豆(白),扁豆、藊豆、南扁豆、沿篱豆、蛾眉豆、凉衍豆、羊眼豆、膨皮豆、茶豆、南豆、小刀豆、树豆、藤豆,257,19,1.3,42.2
177,3,干豆类,眉豆[饭豇豆],眉豆、饭豇豆、白扁豆、藊豆、白藊豆、南扁豆、沿篱豆、蛾眉豆、羊眼豆、凉衍豆、白藊豆子、膨皮豆、茶豆、小刀豆、树豆、藤豆、火镰扁豆,320,18.6,1.1,59
178,3,干豆类,豇豆,豇豆、豆角、江豆、长豆角、带豆、饭豆、腰豆、裙带豆、架豆、姜豆,322,19.3,1.2,58.5
179,3,干豆类,豇豆(紫),豇豆、豆角、江豆、长豆角、带豆、饭豆、腰豆、裙带豆、架豆、姜豆,315,18.9,0.4,58.9
180,3,干豆类,豌豆,豌豆、鲜豌豆、回回豆、豍豆、寒豆、毕豆、雪豆、豌豆粒、回回豆粒,313,20.3,1.1,55.4
181,3,干豆类,豌豆(花),豌豆、鲜豌豆、回回豆、豍豆、寒豆、毕豆、雪豆,322,21.6,1,56.7
182,3,干豆类,荆豆,荆豆,396,43.6,14.3,23.3
183,3,干豆类,木豆[扭豆，豆蓉],木豆、扭豆、豆蓉,340,19.8,4.5,55.1
184,3,干豆类,红腰豆,红腰豆,125,9,0.2,22
185,4,蔬菜类,白萝卜[莱菔],白萝卜、莱菔、萝卜、荠根、萝欠、芦菔、萝白、紫菘、秦菘、萝臼、紫花菜、菜头,21,0.9,0.1,4
186,4,蔬菜类,变萝卜[红皮萝卜],变萝卜、红皮萝卜,27,1.2,0.1,5.2
187,4,蔬菜类,红旦旦萝卜,红旦旦萝卜,17,0.8,0,3.5
188,4,蔬菜类,红萝卜,红萝卜、卞萝卜,20,1,0.1,3.8
189,4,蔬菜类,红心萝卜,红心萝卜,38,1.2,0,8.4
190,4,蔬菜类,花叶萝卜,花叶萝卜,43,1.2,0.1,9.4
191,4,蔬菜类,青萝卜,青萝卜,31,1.3,0.2,6
192,4,蔬菜类,水萝卜[脆萝卜],水萝卜、脆萝卜,20,0.8,0,4.1
193,4,蔬菜类,小水萝卜[算盘子，红皮萝卜],小水萝卜、算盘子、红皮萝卜,19,1.1,0.2,3.2
194,4,蔬菜类,心里美萝卜,心里美萝卜,21,0.8,0.2,4.1
195,4,蔬菜类,胡萝卜(红)[金笋，丁香萝卜],胡萝卜、胡萝菔、黄萝卜、金笋、丁香萝卜、红芦菔、甘笋、黄根、卜香菜、药萝卜、赤珊瑚,37,1,0.2,7.7
196,4,蔬菜类,胡萝卜(黄),胡萝卜、胡萝菔、黄萝卜、金笋、丁香萝卜、红芦菔、甘笋、黄根、卜香菜、药萝卜、赤珊瑚,43,1.4,0.2,8.9
197,4,蔬菜类,胡萝卜(脱水),胡萝卜、胡萝菔、黄萝卜、金笋、丁香萝卜、红芦菔、甘笋、黄根、卜香菜、药萝卜、赤珊瑚,320,4.2,1.9,71.5
198,4,蔬菜类,芥菜头[大头菜，水芥],芥菜头、大头菜、水芥,33,1.9,0.2,6
199,4,蔬菜类,苤蓝[玉蔓菁，球茎甘蓝],苤蓝、玉蔓菁、球茎甘蓝、茄莲、擘蓝、撇列、不留客、人头疙瘩,30,1.3,0.2,5.7
200,4,蔬菜类,甜菜根[甜菜头，糖萝卜],甜菜根、甜菜头、糖萝卜、红菜头、根甜菜、紫菜头,75,1,0.1,17.6
201,4,蔬菜类,扁豆[月亮菜],扁豆、月亮菜、藊豆、南扁豆、沿篱豆、蛾眉豆、凉衍豆、羊眼豆、膨皮豆、茶豆、南豆、小刀豆、树豆、藤豆,37,2.7,0.2,6.1
202,4,蔬菜类,蚕豆,蚕豆、胡豆、佛豆、川豆、倭豆、罗汉豆,335,21.6,1,59.8
203,4,蔬菜类,刀豆,刀豆,36,3.1,0.3,5.2
204,4,蔬菜类,豆角,豆角、四季豆、菜豆、白饭豆、云扁豆、龙爪豆、龙骨豆、芸豆、二生豆,30,2.5,0.2,4.6
205,4,蔬菜类,豆角(白),豆角、四季豆、菜豆、白饭豆、云扁豆、龙爪豆、龙骨豆、芸豆、二生豆,30,2.2,0.2,4.8
206,4,蔬菜类,荷兰豆,荷兰豆、软荚豌豆、带荚豌豆、甜豆、荷仁豆、回回豆、青斑、麦豆、菜豌豆,27,2.5,0.3,3.5
207,4,蔬菜类,龙豆,龙豆,32,3.7,0.5,3.1
208,4,蔬菜类,龙牙豆[玉豆],龙牙豆、玉豆,17,2.6,0.2,1.1
209,4,蔬菜类,毛豆[青豆，菜用大豆],毛豆、青豆、菜用大豆、青大豆,123,13.1,5,6.5
210,4,蔬菜类,四季豆[菜豆],四季豆、菜豆、芸豆、花豆,28,2,0.4,4.2
211,4,蔬菜类,豌豆(带荚)[回回豆],豌豆、鲜豌豆、回回豆、豍豆、寒豆、毕豆、雪豆,105,7.4,0.3,18.2
212,4,蔬菜类,豌豆尖,豌豆尖,223,3.1,0,52.6
213,4,蔬菜类,油豆角[多花菜豆],油豆角、多花菜豆、花豆、红花菜豆、多花花豆、肾豆、大红豆、虎豆、福豆、虎仔豆、虎斑豆、花圆豆,22,2.4,0.3,2.3
214,4,蔬菜类,垅船豆,垅船豆,34,2,0.4,5.5
215,4,蔬菜类,芸豆,芸豆、菜豆、花豆,25,0.8,0.1,5.3
216,4,蔬菜类,豇豆,豇豆、豆角、江豆、长豆角、带豆、饭豆、腰豆、裙带豆、架豆、姜豆,322,19.3,1.2,58.5
217,4,蔬菜类,豇豆(长),豇豆、豆角、江豆、长豆角、带豆、饭豆、腰豆、裙带豆、架豆、姜豆,29,2.7,0.2,4
218,4,蔬菜类,发芽豆,发芽豆,128,12.4,0.7,18.1
219,4,蔬菜类,黄豆芽,黄豆芽、大豆芽、清水豆芽,44,4.5,1.6,3
220,4,蔬菜类,绿豆芽,绿豆芽、巧芽、豆芽菜、如意菜、掐菜、银芽、银针、银苗、芽心,18,2.1,0.1,2.1
221,4,蔬菜类,豌豆苗,豌豆苗、寒豆苗、豆苗,34,4,0.8,2.7
222,4,蔬菜类,茄子(均值),茄子、落苏、酪酥、昆仑瓜、矮瓜,21,1.1,0.2,3.6
223,4,蔬菜类,茄子(绿皮),茄子、落苏、酪酥、昆仑瓜、矮瓜、绿茄子,25,1,0.6,4
224,4,蔬菜类,茄子(圆),茄子、落苏、酪酥、昆仑瓜、矮瓜,28,1.6,0.2,5
225,4,蔬菜类,茄子(紫皮，长),茄子、落苏、酪酥、昆仑瓜、矮瓜,19,1,0.1,3.5
226,4,蔬菜类,番茄[西红柿],番茄、西红柿、洋柿子、狼桃、番李子、番柿、六月柿、洋海椒、毛腊果,19,0.9,0.2,3.5
227,4,蔬菜类,番茄(整个，罐头),番茄、西红柿、洋柿子、狼桃、番李子、番柿、六月柿、洋海椒、毛腊果,21,2,0.6,1.8
228,4,蔬菜类,奶柿子[西红柿],奶柿子、西红柿、洋柿子、狼桃、番李子、番柿、六月柿、洋海椒、毛腊果、番茄,13,0.6,0.1,2.4
229,4,蔬菜类,辣椒(红，尖，干),辣椒、青辣椒、尖辣椒、番椒、海椒、辣子、辣角、秦椒,212,15,12,11
230,4,蔬菜类,辣椒(红，小),辣椒、青辣椒、尖辣椒、番椒、海椒、辣子、辣角、秦椒,32,1.3,0.4,5.7
231,4,蔬菜类,辣椒(青，尖),辣椒、青辣椒、尖辣椒、番椒、海椒、辣子、辣角、秦椒,23,1.4,0.3,3.7
232,4,蔬菜类,甜椒[灯笼椒，柿子椒],甜椒、灯笼椒、柿子椒、彩椒、甜彩椒、大同仔、番椒,22,1,0.2,4
233,4,蔬菜类,甜椒(脱水),甜椒、彩椒、甜彩椒、大同仔、番椒,307,7.6,0.4,68.3
234,4,蔬菜类,葫子,葫子,27,0.7,0.1,5.9
235,4,蔬菜类,秋葵[黄秋葵，羊角豆],秋葵、黄秋葵、羊角豆、决明子、草决明、羊明、羊角、马蹄决明、还瞳子、狗屎豆、假绿豆、马蹄子、千里光、芹决、黄葵、补肾菜、羊角菜、羊角豆、洋辣椒、咖啡黄葵,37,2,0.1,7.1
236,4,蔬菜类,白瓜,白瓜、西葫芦、茭瓜、番瓜、美洲南瓜、云南小瓜、菜瓜、荨瓜、三月瓜,10,0.9,0,1.7
237,4,蔬菜类,菜瓜[生瓜，白瓜],菜瓜、生瓜、白瓜、西葫芦、茭瓜、番瓜、美洲南瓜、云南小瓜、荨瓜、三月瓜,18,0.6,0.2,3.5
238,4,蔬菜类,冬瓜,冬瓜、白瓜、水芝、地芝、枕瓜、濮瓜、白冬瓜、东瓜,11,0.4,0.2,1.9
239,4,蔬菜类,方瓜,方瓜、番瓜、番蒲、倭瓜、北瓜,13,0.8,0,2.5
240,4,蔬菜类,佛手瓜[棒瓜，菜肴梨],佛手瓜、棒瓜、菜肴梨、隼人瓜、安南瓜、肴梨、寿瓜、合掌瓜、万年瓜,16,1.2,0.1,2.6
241,4,蔬菜类,葫芦[长瓜，蒲瓜，瓠瓜],葫芦、长瓜、蒲瓜、瓠瓜、瓠子,15,0.7,0.1,2.7
242,4,蔬菜类,葫芦条(干),葫芦条,219,4.3,1.8,46.5
243,4,蔬菜类,黄瓜[胡瓜],黄瓜、胡瓜、王瓜、刺瓜,15,0.8,0.2,2.4
244,4,蔬菜类,节瓜[毛瓜],节瓜、毛瓜,12,0.6,0.1,2.2
245,4,蔬菜类,金瓜,金瓜、南瓜、麦瓜、番瓜、倭瓜、伏瓜、饭瓜、窝瓜、中国南瓜,14,0.5,0.1,2.7
246,4,蔬菜类,金丝瓜[裸瓣瓜],金丝瓜、裸瓣瓜,37,3.3,2,1.4
247,4,蔬菜类,苦瓜[凉瓜，癞瓜],苦瓜、凉瓜、癞瓜、锦荔枝、癞葡萄,19,1,0.1,3.5
248,4,蔬菜类,南瓜[倭瓜，番瓜],南瓜、倭瓜、番瓜、木瓜、番木瓜、石瓜、蓬生果、乳瓜、木冬瓜、万寿果、万寿匏、奶匏,22,0.7,0.1,4.5
249,4,蔬菜类,南瓜粉,南瓜粉,320,7.1,2.1,68.1
250,4,蔬菜类,蛇瓜[蛇豆，大豆角],蛇瓜、蛇豆、大豆角,15,1.5,0.1,1.9
251,4,蔬菜类,丝瓜,丝瓜、天丝瓜、天罗、蜜瓜、布瓜、天吊瓜、纯阳瓜、倒阳菜、水瓜、絮瓜、缣瓜、蛮瓜、绵瓜,20,1,0.2,3.6
252,4,蔬菜类,笋瓜[生瓜],笋瓜、生瓜、印度南瓜、玉瓜、北瓜,12,0.5,0,2.4
253,4,蔬菜类,西葫芦,西葫芦、茭瓜、白瓜、番瓜、美洲南瓜、云南小瓜、菜瓜、荨瓜、三月瓜,18,0.8,0.2,3.2
254,4,蔬菜类,面西胡瓜,面西胡瓜,10,0.8,0,1.8
255,4,蔬菜类,小西胡瓜,小西胡瓜,22,0.7,0,4.8
256,4,蔬菜类,大蒜[蒜头],大蒜、蒜头、蒜、胡蒜、葫、独蒜、独头蒜,126,4.5,0.2,26.5
257,4,蔬菜类,大蒜(脱水),大蒜、蒜、蒜头、胡蒜、葫、独蒜、独头蒜,339,13.2,0.3,70.9
258,4,蔬菜类,大蒜(紫皮),大蒜、蒜、蒜头、胡蒜、葫、独蒜、独头蒜,136,5.2,0.2,28.4
259,4,蔬菜类,青蒜,青蒜、蒜苗、蒜毫,30,2.4,0.3,4.5
260,4,蔬菜类,蒜黄,蒜黄,21,2.5,0.2,2.4
261,4,蔬菜类,蒜苗,蒜苗、青蒜、蒜毫,37,2.1,0.4,6.2
262,4,蔬菜类,蒜苔,蒜苔、蒜薹、蒜毫、青蒜、蒜苗,61,2,0.1,12.9
263,4,蔬菜类,大葱,大葱、葱、青葱、四季葱、事菜,30,1.7,0.3,5.2
264,4,蔬菜类,大葱(红皮),大葱、葱、青葱、四季葱、事菜,46,2.4,0.1,8.9
265,4,蔬菜类,分葱[四季葱，菜葱],分葱、四季葱、菜葱、大葱、葱、青葱、事菜,33,2.2,0.7,4.4
266,4,蔬菜类,细香葱[香葱，四季葱],细香葱、香葱、四季葱、大葱、葱、青葱、事菜,37,2.5,0.3,6.1
267,4,蔬菜类,小葱,小葱、葱、香葱、绵葱、火葱、四季葱、细米葱,24,1.6,0.4,3.5
268,4,蔬菜类,洋葱[葱头],洋葱、葱头、洋葱头、玉葱、圆葱、球葱,39,1.1,0.2,8.1
269,4,蔬菜类,洋葱(白皮，脱水),洋葱、洋葱头、玉葱、葱头、圆葱、球葱,330,5.5,0.4,76.2
270,4,蔬菜类,洋葱(紫皮，脱水),洋葱、洋葱头、玉葱、葱头、圆葱、球葱,324,6.9,0.4,73.1
271,4,蔬菜类,韭菜,韭菜、扁菜、韭、丰本、草钟乳、起阳草、懒人菜、长生韭、壮阳草,26,2.4,0.4,3.2
272,4,蔬菜类,韭黄[韭芽],韭黄、韭芽、黄韭芽、黄韭、韭菜白,22,2.3,0.2,2.7
273,4,蔬菜类,韭苔,韭苔,33,2.2,0.1,5.9
274,4,蔬菜类,薤[皎头],薤、皎头,0,0,0,0
275,4,蔬菜类,薤白[小根蒜，山蒜，团蒜],薤白、小根蒜、山蒜、团蒜,122,3.4,0.4,26.2
276,4,蔬菜类,大白菜(均值),大白菜、白菜,17,1.5,0.1,2.4
277,4,蔬菜类,大白菜(白梗)[黄芽白],大白菜、白菜,21,1.7,0.2,3.1
278,4,蔬菜类,大白菜(青白口),大白菜、白菜,15,1.4,0.1,2.1
279,4,蔬菜类,大白菜(小白口),大白菜、白菜,14,1.3,0.1,1.9
280,4,蔬菜类,白菜(脱水),白菜、大白菜,286,6.2,0.8,63.5
281,4,蔬菜类,酸白菜[酸菜],酸白菜、酸菜,14,1.1,0.2,1.9
282,4,蔬菜类,小白菜,小白菜、青菜、油白菜、白菜秧,15,1.5,0.3,1.6
283,4,蔬菜类,白菜薹[菜薹，菜心],白菜薹、菜薹、菜心,25,2.8,0.5,2.3
284,4,蔬菜类,红菜薹[紫菜薹],红菜薹、紫菜薹,41,2.9,2.5,1.8
285,4,蔬菜类,瓢儿白[瓢儿菜],瓢儿白、瓢儿菜,15,1.7,0.2,1.6
286,4,蔬菜类,乌菜[乌塌菜，塌棵菜],乌菜、乌塌菜、塌棵菜、海藻、蒋、落首、海萝、藫、海带花、海藻菜,25,2.6,0.4,2.8
287,4,蔬菜类,油菜,油菜、油白菜、芸苔、寒菜、胡菜、苦菜、苔芥、瓢,23,1.8,0.5,2.7
288,4,蔬菜类,油菜(黑),油菜、油白菜、芸苔、寒菜、胡菜、苦菜、苔芥、瓢,17,1.8,0.2,2
289,4,蔬菜类,油菜(脱水),油菜、油白菜、芸苔、寒菜、胡菜、苦菜、苔芥、瓢,299,7.6,0.6,65.7
290,4,蔬菜类,油菜(小),油菜、油白菜、芸苔、寒菜、胡菜、苦菜、苔芥、瓢,11,1.3,0.2,0.9
291,4,蔬菜类,油菜薹[菜薹],油菜薹、菜薹,20,3.2,0.4,1
292,4,蔬菜类,甘蓝[圆白菜，卷心菜],甘蓝、圆白菜、卷心菜、包菜、结球甘蓝、高丽菜、洋白菜、包心菜、莲花菜,22,1.5,0.2,3.6
293,4,蔬菜类,菜花[花椰菜],菜花、花椰菜、花菜、椰花菜、花甘蓝、洋花菜、球花甘蓝,24,2.1,0.2,3.4
294,4,蔬菜类,菜花(脱水)[脱水花椰菜],菜花、花菜、花椰菜、椰花菜、花甘蓝、洋花菜、球花甘蓝,286,6.5,0.6,63.6
295,4,蔬菜类,西兰花[绿菜花],西兰花、绿菜花、西兰花菜,33,4.1,0.6,2.7
296,4,蔬菜类,芥菜[雪里红，雪菜],芥菜、雪里红、雪菜、雪里蕻、腌雪菜、雪里翁,24,2,0.4,3.1
297,4,蔬菜类,芥菜(大叶)[盖菜],芥菜、芥、大芥、雪里蕻、皱叶芥、黄芥、霜不老、冲菜,14,1.8,0.4,0.8
298,4,蔬菜类,芥菜(茎用)[青头菜],芥菜、芥、大芥、雪里蕻、皱叶芥、黄芥、霜不老、冲菜,7,1.3,0.2,0
299,4,蔬菜类,芥菜(小叶)[小芥菜],芥菜、芥、大芥、雪里蕻、皱叶芥、黄芥、霜不老、冲菜,24,2.5,0.4,2.6
300,4,蔬菜类,芥蓝[甘蓝菜，盖蓝菜],芥蓝、甘蓝菜、盖蓝菜、芥兰、紫芥蓝、芥蓝菜,19,2.8,0.4,1
301,4,蔬菜类,菠菜[赤根菜],菠菜、赤根菜、菠棱菜、波斯草、鹦鹉菜、鼠根菜、角菜,24,2.6,0.3,2.8
302,4,蔬菜类,菠菜(脱水),菠菜、菠棱菜、赤根菜、波斯草、鹦鹉菜、鼠根菜、角菜,283,6.4,0.6,63
303,4,蔬菜类,冬寒菜[冬苋菜，冬葵],冬寒菜、冬苋菜、冬葵,30,3.9,0.4,2.7
304,4,蔬菜类,观达菜[根达菜，牛皮菜],观达菜、根达菜、牛皮菜,14,1.7,0.3,1.1
305,4,蔬菜类,胡萝卜缨(红),胡萝卜缨,40,1.7,0.4,7.3
306,4,蔬菜类,苦菜[节节花，拒马菜],苦菜、节节花、拒马菜、川贝母、贝母、虻、黄虻、苘、空草、贝父、药实、苦花、勤母、莔,35,2.8,0.6,4.6
307,4,蔬菜类,萝卜缨(白),萝卜缨、萝卜叶、莱菔叶、老萝卜头、枯萝卜,14,2.6,0.3,0.3
308,4,蔬菜类,萝卜缨(青),萝卜缨、萝卜叶、莱菔叶、老萝卜头、枯萝卜,32,3.1,0.1,4.7
309,4,蔬菜类,萝卜缨(小萝卜),萝卜缨、萝卜叶、莱菔叶、老萝卜头、枯萝卜,20,1.6,0.3,2.7
310,4,蔬菜类,落葵[木耳菜，软浆菜],落葵、木耳菜、软浆菜、繁露、承露、天葵、藤葵、胡燕脂、藤儿菜、滑藤、西洋菜、御菜、燕脂菜、染绛子、紫草、燕脂豆、潺菜、紫葵、紫豆藤、红藤菜、软藤菜、红鸡屎藤、藤罗菜、白虎下须、荞菜七、滑菜果、寸金丹、粘藤、篱笆菜,20,1.6,0.3,2.8
311,4,蔬菜类,芹菜(白茎)[旱芹，药芹],芹菜、水芹菜、楚葵、水斳、水英、野芹菜、马芹、河芹、小叶芹,14,0.8,0.1,2.5
312,4,蔬菜类,芹菜茎,芹菜茎,20,1.2,0.2,3.3
313,4,蔬菜类,芹菜叶,芹菜叶,31,2.6,0.6,3.7
314,4,蔬菜类,生菜(牛俐)[油麦菜],生菜、叶用莴苣、白苣、石苣、千层剥、鹅仔菜、唛仔菜,15,1.4,0.4,1.5
315,4,蔬菜类,生菜(叶用莴苣),生菜、叶用莴苣、白苣、石苣、千层剥、鹅仔菜、唛仔菜,13,1.3,0.3,1.3
316,4,蔬菜类,甜菜叶,甜菜叶,19,1.8,0.1,4
317,4,蔬菜类,香菜[芫荽],香菜、芫荽、香茹、香草、香戎、石香薷、香茸、蜜蜂草、园荽、香荽、芜荽、胡荽,31,1.8,0.4,5
318,4,蔬菜类,香菜(脱水),香菜、香茹、香草、香戎、石香薷、香茸、蜜蜂草、园荽、香荽、芜荽、胡荽,293,7.4,1.3,63
319,4,蔬菜类,苋菜(绿),苋菜、刺苋菜、野苋菜、雁来红、三色苋、绵苋、青香苋、野刺苋、米苋,25,2.8,0.3,2.8
320,4,蔬菜类,苋菜(紫)[红苋],苋菜、刺苋菜、野苋菜、雁来红、三色苋、绵苋、青香苋、野刺苋、米苋,31,2.8,0.4,4.1
321,4,蔬菜类,茼蒿[蓬蒿菜，艾菜],茼蒿、蓬蒿菜、艾菜、蒿子杆、蒿菜、菊花菜、茼笋、茼莴菜、春菊、打妻菜、花冠菊,21,1.9,0.3,2.7
322,4,蔬菜类,茴香[小茴香],茴香、小茴香、茴香籽、小茴、小香、角茴香、谷茴香,24,2.5,0.4,2.6
323,4,蔬菜类,荠菜[蓟菜，菱角菜],荠菜、蓟菜、菱角菜、护生草、芊菜、净肠草、地米菜、地菜、鸡心菜、鸡脚菜,27,2.9,0.4,3
324,4,蔬菜类,莴笋[莴苣],莴笋、莴苣、春菜、生笋、千金菜、茎用莴苣、青笋、莴菜、香马笋,14,1,0.1,2.2
325,4,蔬菜类,莴笋叶[莴苣叶],莴笋叶、莴苣叶,18,1.4,0.2,2.6
326,4,蔬菜类,蕹菜[空心菜，藤藤菜],蕹菜、空心菜、藤藤菜、蓊菜、通心菜、无心菜、瓮菜、空筒菜、竹叶菜,20,2.2,0.3,2.2
327,4,蔬菜类,竹笋,竹笋、笋、毛笋、竹芽、竹萌,19,2.6,0.2,1.8
328,4,蔬菜类,白笋(干),白笋,196,26,4,13.9
329,4,蔬菜类,鞭笋[马鞭笋],鞭笋、马鞭笋,11,2.6,0,0.1
330,4,蔬菜类,春笋,春笋、笋,20,2.4,0.1,2.3
331,4,蔬菜类,冬笋,冬笋,40,4.1,0.1,5.7
332,4,蔬菜类,黑笋(干),黑笋,213,17.6,2.4,30.3
333,4,蔬菜类,毛笋[毛竹笋],毛笋、毛竹笋、竹笋、笋、竹芽、竹萌,21,2.2,0.2,2.5
334,4,蔬菜类,玉兰片,玉兰片,43,2.6,0.4,7.3
335,4,蔬菜类,百合,百合、蒜脑薯、重迈、中庭、重箱、摩罗、强瞿、百合蒜,162,3.2,0.1,37.1
336,4,蔬菜类,百合(干),百合、蒜脑薯、重迈、中庭、重箱、摩罗、强瞿、百合蒜,343,6.7,0.5,77.8
337,4,蔬菜类,百合(脱水),百合、蒜脑薯、重迈、中庭、重箱、摩罗、强瞿、百合蒜,343,8.1,0.1,77.4
338,4,蔬菜类,金针菜[黄花菜],金针菜、黄花菜、苜蓿、紫苜蓿、紫花苜蓿、蓿草、牧蓿、木粟、怀风、光风、连枝草、光风草、南苜蓿、金花菜、草头、母齐头、黄花草子、磨盘草子,199,19.4,1.4,27.2
339,4,蔬菜类,菊苣,菊苣,17,1.3,0.2,3.4
340,4,蔬菜类,芦笋[石刁柏，龙须菜],芦笋、石刁柏、龙须菜、露笋、芦尖,19,1.4,0.1,3
341,4,蔬菜类,慈菇[乌芋，白地果],慈菇、乌芋、白地果、剪刀草、燕尾草、蔬卵、茨菰、茨菇,94,4.6,0.2,18.5
342,4,蔬菜类,豆瓣菜[西洋菜，水田芥],豆瓣菜、西洋菜、水田芥、水芥菜,17,2.9,0.5,0.3
343,4,蔬菜类,菱角(老)[龙角],菱角、芰、水菱、风菱、乌菱、水栗、菱实、芰实、水栗子,98,4.5,0.1,19.7
344,4,蔬菜类,藕[莲藕],藕、莲藕、连菜、菡萏、芙蕖、玉节、玉玲珑、玉臂龙,70,1.9,0.2,15.2
345,4,蔬菜类,蒲菜[香蒲，甘蒲，野茭白],蒲菜、香蒲、甘蒲、野茭白、蒲笋、蒲儿根、蒲儿菜,12,1.2,0.1,1.5
346,4,蔬菜类,水芹菜,水芹菜、楚葵、水斳、水英、芹菜、野芹菜、马芹、河芹、小叶芹,11,1.4,0.2,0.9
347,4,蔬菜类,茭白[茭笋，茭粑],茭白、茭笋、茭粑、茭儿菜、篙芭、菰笋、茭瓜、茭芦、茭耳菜、绿节,23,1.2,0.2,4
348,4,蔬菜类,荸荠[马蹄，地栗],荸荠、马蹄、地栗、乌芋、地梨、苾荠、通天草、芍、凫茈、葃菇、水芋、乌茨、凫茨、葧脐、黑山棱、铁葧脐、红慈菇、马薯,59,1.2,0.2,13.1
349,4,蔬菜类,莼菜(瓶装)[花案菜],莼菜、菁菜、蒪菜、马蹄菜、湖菜,20,1.4,0.1,3.3
350,4,蔬菜类,大薯[参薯],大薯、参薯、山药、薯蓣、山芋、诸薯、延草、薯药、淮山、铁棍山药,105,2.1,0.2,23.8
351,4,蔬菜类,豆薯[凉薯，地瓜，沙葛],豆薯、凉薯、地瓜、沙葛、红薯、山芋、红芋、番薯、甘薯、白薯、白芋、红苕,55,0.9,0.1,12.6
352,4,蔬菜类,葛[葛署，粉葛],葛、葛署、粉葛、葛根、野葛、鹿霍、黄斤、鸡齐根、干葛、甘葛、黄葛根,145,2.2,0.2,33.7
353,4,蔬菜类,山药[薯蓣，大薯],山药、薯蓣、大薯、山芋、诸薯、延草、薯药、淮山、铁棍山药,56,1.9,0.2,11.6
354,4,蔬菜类,山药(干),山药、薯蓣、山芋、诸薯、延草、薯药、大薯、淮山、铁棍山药,324,9.4,1,69.4
355,4,蔬菜类,芋头[芋艿，毛芋],芋头、芋艿、毛芋、里芋、香芋,79,2.2,0.2,17.1
356,4,蔬菜类,槟榔芋,槟榔芋,87,3,0.1,18.6
357,4,蔬菜类,姜[黄姜],姜、黄姜、生姜、姜根、百辣云、勾装指、因地辛、炎凉小子、鲜生姜、蜜炙姜、生姜汁、姜汁,41,1.3,0.6,7.6
358,4,蔬菜类,姜(干),姜、生姜、姜根、百辣云、勾装指、因地辛、炎凉小子、鲜生姜、蜜炙姜、生姜汁、姜汁,273,9.1,5.7,46.3
359,4,蔬菜类,姜(子姜)[嫩姜],姜、生姜、姜根、百辣云、勾装指、因地辛、炎凉小子、鲜生姜、蜜炙姜、生姜汁、姜汁,19,0.7,0.6,2.8
360,4,蔬菜类,洋姜[菊芋，鬼子姜],洋姜、菊芋、鬼子姜,56,2.4,0,11.5
361,4,蔬菜类,艾蒿,艾蒿,0,0,0,0
362,4,蔬菜类,白花菜,白花菜,0,0,0,0
363,4,蔬菜类,白花桔梗,白花桔梗,0,0,0,0
364,4,蔬菜类,白沙蒿[沙蒿],白沙蒿、沙蒿,52,4.3,0.9,6.6
365,4,蔬菜类,白沙蒿籽[沙蒿籽],白沙蒿籽、沙蒿籽,412,27.9,15.1,41
366,4,蔬菜类,白薯叶[甘薯叶],白薯叶、甘薯叶,58,4.8,0.7,8
367,4,蔬菜类,百里香,百里香,0,0,0,0
368,4,蔬菜类,败酱[胭脂麻],败酱、胭脂麻,54,1.5,1,9.8
369,4,蔬菜类,扁蓄菜[竹节草],扁蓄菜、竹节草、马兰头、紫菊、阶前菊、马兰菊、钱鳅串、红梗菜、路边菊、蟛蜞菊,71,6,0.6,10.3
370,4,蔬菜类,朝鲜蓟,朝鲜蓟,52,2.7,0.2,9.8
371,4,蔬菜类,刺儿菜[小蓟，蓟蓟菜],刺儿菜、小蓟、蓟蓟菜、小蓟草、刺菜、曲曲菜、青青菜、荠荠菜、刺角菜、白鸡角刺、小鸡角刺、小牛扎口、野红、花猫蓟、青刺蓟,38,4.5,0.4,4.1
372,4,蔬菜类,刺楸,刺楸,0,0,0,0
373,4,蔬菜类,达乌里胡枝子[牛枝子，豆豆苗],达乌里胡枝子、牛枝子、豆豆苗,105,7,1,17.1
374,4,蔬菜类,达乌里胡枝子籽[牛枝子籽，豆豆苗籽],达乌里胡枝子籽、牛枝子籽、豆豆苗籽,345,36.8,8.3,30.8
375,4,蔬菜类,大玻璃草叶[大车前],大玻璃草叶、大车前,43,4.4,0.3,5.7
376,4,蔬菜类,大巢菜[野苕子，野豌豆],大巢菜、野苕子、野豌豆,52,3.8,0.5,8.1
377,4,蔬菜类,大蓟叶[飞廉叶],大蓟叶、飞廉叶,35,1.5,1.4,4.1
378,4,蔬菜类,地肤[益明，扫帚苗],地肤、益明、扫帚苗,61,5.2,0.8,8.2
379,4,蔬菜类,地笋[地古牛，地瓜儿苗叶],地笋、地古牛、地瓜儿苗叶,60,4.3,0.7,9
380,4,蔬菜类,豆腐柴,豆腐柴,0,0,0,0
381,4,蔬菜类,独行菜,独行菜,0,0,0,0
382,4,蔬菜类,独行菜(宽),独行菜,0,0,0,0
383,4,蔬菜类,番杏[夏菠菜，新西兰菠菜],番杏、夏菠菜、新西兰菠菜,0,0,0,0
384,4,蔬菜类,胡枝子[山豆子],胡枝子、山豆子,117,5.3,2.2,19.1
385,4,蔬菜类,橄榄菜,橄榄菜,320,0,0,0
386,4,蔬菜类,紫薯,紫薯、黑薯,119.3,2.34,0,17.6
387,4,蔬菜类,红心甘薯,红心甘薯、红心红薯,99,1.1,0.2,24.7
388,4,蔬菜类,槐花,槐花、金药树、护房树、豆槐、槐米、槐蕊,78,3.1,0.7,17
389,4,蔬菜类,牛蒡,牛蒡、恶实、荔实、牛菜、大力子、牛子、蝙蝠刺、东洋萝卜、东洋参、牛鞭菜,72,2.12,0.17,17.37
390,4,蔬菜类,枸杞菜,枸杞菜、枸杞苗、地仙苗、枸杞尖、天精草、地骨、枸杞头,44,5.6,1.1,4.5
391,4,蔬菜类,马齿苋,马齿苋、马齿草、马苋、长命菜、马齿龙芽、酱瓣豆草、瓜子菜、五行草、灰苋、马踏草、安乐菜、酸苋、耐旱菜,27,2.3,0.5,3.9
392,4,蔬菜类,芝麻菜,芝麻菜、紫花南芥、芸芥、德国芥菜、火箭生菜,25,2.58,0.66,3.65
393,4,蔬菜类,牛心菜,牛心菜、早熟甘蓝,22,1.5,0.2,4.6
394,4,蔬菜类,紫甘蓝,紫甘蓝、结球甘、红甘蓝、赤甘蓝、紫圆白菜,19,1.2,0.2,6.2
395,4,蔬菜类,圆生菜,圆生菜、结球生菜,13,1.3,0.3,2
396,4,蔬菜类,西芹,西芹、西洋芹菜、美芹,12,0.6,0.1,4.8
397,4,蔬菜类,紫背天葵,紫背天葵、红风菜、血皮菜,12,1.9,0,3.8
398,4,蔬菜类,娃娃菜,娃娃菜,8,1.9,0,2.4
399,4,蔬菜类,魔芋,魔芋、蒟蒻、花杆南星、花杆莲、麻芋子、花伞把、蒻头、白蒟蒻、鬼芋、鬼头、花杯莲、茱芋、黑芋头、花便莲、虎掌、蛇头草根、蛇六谷、雷星、鬼蜡烛、蛇头子、天六谷、星芋,7,0.1,0.1,3.3
400,5,菌藻类,草菇[大黑头细花草],草菇、大黑头细花草、稻草菇、秆菇、麻菇、包脚菇、兰花菇,23,2.7,0.2,2.7
401,5,菌藻类,大红菇(干)[草质红菇],大红菇、红菇、血红菇,200,24.4,2.8,19.3
402,5,菌藻类,地衣(水浸),地衣、天仙菜、珠藻、地皮菜、地耳、地木耳、地软儿、地瓜皮,6,1.5,0,0
403,5,菌藻类,冬菇(干)[毛柄金线菌],冬菇、干香菇、香菌、爪菰、香蕈、香菰、香信、中国菇,212,17.8,1.3,32.3
404,5,菌藻类,猴头菇(罐装),猴头菇、猴头菌、猴头、猴头蘑,13,2,0.2,0.7
405,5,菌藻类,黄蘑(干),黄蘑、元蘑、亚侧耳、冬蘑,166,16.4,1.5,21.8
406,5,菌藻类,黄蘑(水发),黄蘑、元蘑、亚侧耳、冬蘑,21,4.3,0.4,0
407,5,菌藻类,金针菇[智力菇],金针菇、智力菇、朴菰、构菌、冻菌、金菇、毛柄金钱菌,26,2.4,0.4,3.3
408,5,菌藻类,金针菇(罐装),金针菇、朴菰、构菌、冻菌、金菇、毛柄金钱菌、智力菇,21,1,0,4.2
409,5,菌藻类,口蘑(白蘑),口蘑、白蘑、白蘑菇、蒙古口蘑、云盘蘑、银盘蘑,242,38.7,3.3,14.4
410,5,菌藻类,蘑菇(鲜蘑),蘑菇、蕈、菌、茸、蘑菰、蘑菇蕈、蘑子蕈、肉蕈、肉菌、蘑菇菌,20,2.7,0.1,2
411,5,菌藻类,蘑菇(干),蘑菇、蕈、菌、茸、蘑菰、蘑菇蕈、蘑子蕈、肉蕈、肉菌、蘑菇菌,252,21,4.6,31.7
412,5,菌藻类,木耳(干)[黑木耳，云耳],木耳、黑木耳、云耳、桑耳、松耳、中国黑真菌,205,12.1,1.5,35.7
413,5,菌藻类,木耳(水发)[黑木耳，云耳],木耳、黑木耳、云耳、桑耳、松耳、中国黑真菌,21,1.5,0.2,3.4
414,5,菌藻类,平菇[糙皮侧耳，青蘑],平菇、糙皮侧耳、青蘑、侧耳、耳菇、北风菌、蚝菌、薄菇、蚝菇,20,1.9,0.3,2.3
415,5,菌藻类,普中红蘑(干),普中红蘑,214,18.4,0.7,33.5
416,5,菌藻类,双孢蘑菇[洋蘑菇],双孢蘑菇、洋蘑菇,23,4.2,0.1,1.2
417,5,菌藻类,松蘑(干)[松口蘑，松茸],松蘑、松菇、松蕈、鸡丝菌、松口蘑,112,20.3,3.2,0.4
418,5,菌藻类,香菇[香蕈，冬菇],香菇、香蕈、冬菇、干香菇、香菌、爪菰、香菰、香信、中国菇,19,2.2,0.3,1.9
419,5,菌藻类,香菇(干)[香蕈，冬菇],香菇、冬菇、香菌、爪菰、花菇、香蕈、香菰、香信,211,20,1.2,30.1
420,5,菌藻类,香杏丁蘑(干，大),香杏丁蘑,207,22.4,0.2,29
421,5,菌藻类,香杏片口蘑(干),香杏片口蘑,207,33.4,1.5,15
422,5,菌藻类,羊肚菌[干狼肚],羊肚菌、干狼肚、羊肚蘑、羊肝菜、编笠菌、羊肚子,295,26.9,7.1,30.8
423,5,菌藻类,银耳(干)[白木耳],银耳、白木耳、雪耳、银耳子、白耳子、白耳、桑鹅、五鼎芝,200,10,1.4,36.9
424,5,菌藻类,珍珠白蘑(干),珍珠白蘑,212,18.3,0.7,33
425,5,菌藻类,榛蘑(干)[假蜜环菌],榛蘑、蜜环菌、蜜色环蕈、蜜蘑、栎蘑、根索蕈、根腐蕈、该按姆波甚,157,9.5,3.7,21.5
426,5,菌藻类,榛蘑(水发),榛蘑、蜜环菌、蜜色环蕈、蜜蘑、栎蘑、根索蕈、根腐蕈、该按姆波甚,46,2.8,1.1,6.3
427,5,菌藻类,发菜(干)[仙菜],发菜、地毛、旃毛菜、地毛菜、仙菜、净池菜、头发菜、龙须菜、猪毛菜,189,20.2,0.5,25.8
428,5,菌藻类,海带[江白菜],海带、江白菜、昆布、纶布、海昆布、海马蔺、海带菜、海草,12,1.2,0.1,1.6
429,5,菌藻类,海带(干)[江白菜，昆布],海带、昆布、江白菜、纶布、海昆布、海马蔺、海带菜、海草,77,1.8,0.1,17.3
430,5,菌藻类,海带(浸)[江白菜，昆布],海带、昆布、江白菜、纶布、海昆布、海马蔺、海带菜、海草,14,1.1,0.1,2.1
431,5,菌藻类,海冻菜[石花菜，冻菜],海冻菜、石花菜、冻菜,314,5.4,0.1,72.9
432,5,菌藻类,琼脂[紫菜胶洋粉],琼脂、紫菜胶洋粉,311,1.1,0.2,76.2
433,5,菌藻类,苔菜(干)[苔条，条浒苔],苔菜,148,19,0.4,17.2
434,5,菌藻类,紫菜(干),紫菜、紫苏叶、赤苏、白苏、苏、苏叶、苏子叶,207,26.7,1.1,22.5
435,5,菌藻类,茶树菇,茶树菇、柱状环锈伞、柳松菇、杨柳菌、杨柳田头菇、柳松菇、柳树蘑、柳蘑、茶薪菇、柱状田头菇、杨树菇,279,23.1,2.6,56.1
436,5,菌藻类,鸡腿菇,鸡腿菇、毛头鬼伞、鸡腿蘑、刺蘑菇,257,26.7,2,51.8
437,5,菌藻类,牛肝菌,牛肝菌、黄薰,255,27.8,1.6,53.3
438,5,菌藻类,乳牛肝菌,乳牛肝菌、红乳牛肝菌、白乳牛肝菌,178,15.3,2.8,66
439,5,菌藻类,竹荪,竹荪、竹笙、竹菌、竹参、网纱菇、竹签,155,17.8,3.1,60.3
440,5,菌藻类,杏鲍菇,杏鲍菇、刺芹侧耳、芹侧耳、芹平菇,31,1.3,0.1,8.3
441,5,菌藻类,鸡油菌,鸡油菌、杏菌、黄丝菌、蛋黄菌、鸡蛋黄菌、黄菌、杏黄菌,21,2,0.3,5.1
442,5,菌藻类,螺旋藻,螺旋藻、蓝藻、笔列,356,64.7,3.1,18.2
443,5,菌藻类,裙带菜,裙带菜、若布、莙荙菜,119,25,1.7,41.5
444,6,水果类,苹果(均值),苹果、滔婆、柰、柰子、频婆、平波、超丸子、天然子,52,0.2,0.2,12.3
445,6,水果类,伏苹果,伏苹果,45,0.5,0.1,10.6
446,6,水果类,国光苹果,国光苹果,54,0.3,0.3,12.5
447,6,水果类,旱苹果,旱苹果,30,0.4,0.2,6.7
448,6,水果类,红富士苹果,红富士苹果,45,0.7,0.4,9.6
449,6,水果类,红香蕉苹果,红香蕉苹果,49,0.4,0.2,11.4
450,6,水果类,红星苹果,红星苹果,57,0.4,0.1,13.5
451,6,水果类,红玉苹果,红玉苹果,43,0.2,0.2,10
452,6,水果类,红元帅苹果,红元帅苹果,59,0.2,0.4,13.7
453,6,水果类,黄香蕉苹果,黄香蕉苹果,49,0.3,0.2,11.5
454,6,水果类,黄元帅苹果,黄元帅苹果,55,0.2,0.3,12.9
455,6,水果类,金元帅苹果,金元帅苹果,51,0.2,0.1,12.2
456,6,水果类,青香蕉苹果,青香蕉苹果,49,0.3,0.1,11.8
457,6,水果类,秋里蒙苹果,秋里蒙苹果,35,0.2,0.2,8.2
458,6,水果类,香玉苹果,香玉苹果,59,0.5,0.1,14
459,6,水果类,印度苹果,印度苹果,44,0.6,0.2,9.9
460,6,水果类,祝光苹果,祝光苹果,47,0.4,0.1,11
461,6,水果类,倭锦苹果,倭锦苹果,50,0.2,0.2,11.9
462,6,水果类,苹果(罐头),苹果、滔婆、柰、柰子、频婆、平波、超丸子、天然子,39,0.2,0.2,9
463,6,水果类,梨(均值),梨、快果、玉乳、果宗、蜜父、雪梨、香水梨、青梨,44,0.4,0.2,10.2
464,6,水果类,巴梨,巴梨,46,0.4,0.2,10.7
465,6,水果类,长把梨,长把梨,54,0.8,0.8,10.9
466,6,水果类,冬果梨,冬果梨,37,0.4,0.2,8.5
467,6,水果类,鹅黄梨,鹅黄梨,37,0.3,0.1,8.8
468,6,水果类,红肖梨,红肖梨,30,0.2,0,7.3
469,6,水果类,锦丰梨,锦丰梨,45,0.2,0.1,10.7
470,6,水果类,京白梨,京白梨,55,0.2,0.5,12.3
471,6,水果类,库尔勒梨,库尔勒梨,28,0.1,0.1,6.7
472,6,水果类,莱阳梨,莱阳梨,49,0.3,0.2,11.5
473,6,水果类,马蹄黄梨,马蹄黄梨,47,0.3,0.1,11.2
474,6,水果类,明月梨,明月梨,53,0.3,0.2,12.4
475,6,水果类,木梨,木梨,28,0.4,0.1,6.3
476,6,水果类,苹果梨,苹果梨,48,0.2,0.1,11.6
477,6,水果类,软梨,软梨,14,0.4,0.2,2.6
478,6,水果类,苏梅梨,苏梅梨,66,1.2,0.2,14.8
479,6,水果类,苏木梨,苏木梨,48,0.6,0.3,10.6
480,6,水果类,酥梨,酥梨,43,0.3,0.1,10.2
481,6,水果类,酸梨,酸梨,26,0.1,0.1,6.1
482,6,水果类,香梨,香梨、奶西姆提、库尔勒香梨,46,0.3,0.1,10.9
483,6,水果类,雪花梨,雪花梨,41,0.2,0.1,9.8
484,6,水果类,雪梨,雪梨、梨、快果、玉乳、果宗、蜜父、香水梨、青梨,73,0.9,0.1,17.2
485,6,水果类,鸭广梨,鸭广梨,50,0.6,0.2,11.4
486,6,水果类,鸭梨,鸭梨,43,0.2,0.2,10
487,6,水果类,早酥梨,早酥梨,43,0.2,0.2,10
488,6,水果类,紫酥梨,紫酥梨,47,0.3,0.1,11.3
489,6,水果类,鳄梨,鳄梨、牛油果、油梨,161,2,15.3,7.4
490,6,水果类,冬果梨(罐头),冬果梨,47,0.3,0,11.4
491,6,水果类,梨(糖水罐头),梨、快果、玉乳、果宗、蜜父、雪梨、香水梨、青梨,33,0.5,0.2,7.4
492,6,水果类,红果[山里红，大山楂],红果、山里红、大山楂、山楂、棠棣、绿梨、北山楂,95,0.5,0.6,22
493,6,水果类,红果(干),红果、山楂、棠棣、绿梨、北山楂,152,4.3,2.2,28.7
494,6,水果类,海棠果[楸子],海棠果、楸子,73,0.3,0.2,17.4
495,6,水果类,海棠(罐头),海棠,53,0.5,0.2,12.3
496,6,水果类,沙果,沙果,66,0.4,0.1,15.8
497,6,水果类,吊蛋,吊蛋,56,0.8,0.4,12.4
498,6,水果类,面蛋,面蛋,85,1.6,0.5,18.4
499,6,水果类,酸刺,酸刺,107,2.8,0.3,23.3
500,6,水果类,桃(均值),桃、桃实、桃子,48,0.9,0.1,10.9
501,6,水果类,白粉桃,白粉桃,25,1.3,0.1,4.6
502,6,水果类,高山白桃,高山白桃,40,0.7,0.2,8.8
503,6,水果类,旱久保桃,旱久保桃,47,0.9,0.1,10.5
504,6,水果类,黄桃,黄桃,54,0.5,0.1,12.8
505,6,水果类,金红桃,金红桃,26,0.7,0.1,5.6
506,6,水果类,久保桃,久保桃,41,0.6,0.1,9.4
507,6,水果类,蜜桃,蜜桃,41,0.9,0.2,9
508,6,水果类,蒲桃,蒲桃、葡萄干、草龙珠、乌珠木,33,0.5,0.2,7.4
509,6,水果类,庆丰桃,庆丰桃,40,0.6,0.1,9.2
510,6,水果类,晚桃(黄),晚桃,39,0.7,0.2,8.6
511,6,水果类,五月鲜桃,五月鲜桃,39,0.4,0.1,9.1
512,6,水果类,早桃(黄),早桃,39,0.4,0.1,9
513,6,水果类,桃(糖水罐头),桃、桃实、桃子,58,0.3,0,14.3
514,6,水果类,李子,李子、麦李、脆李、金沙李、嘉庆子、李实、嘉应子,36,0.7,0.2,7.8
515,6,水果类,李子杏,李子杏,35,1,0.1,7.5
516,6,水果类,梅[青梅],梅、青梅,33,0.9,0.9,5.2
517,6,水果类,杏,杏、杏果、甜梅、叭达杏、杏实、杏子,36,0.9,0.1,7.8
518,6,水果类,杏(罐头),杏、杏果、甜梅、叭达杏、杏实、杏子,37,0.6,0.2,8.3
519,6,水果类,杏干,杏干,330,2.7,0.4,78.8
520,6,水果类,枣(鲜),枣,122,1.1,0.3,28.6
521,6,水果类,枣(干),枣、红枣、干枣、大枣、枣子,264,3.2,0.5,61.6
522,6,水果类,枣(干，大),枣,298,2.1,0.4,71.6
523,6,水果类,金丝小枣,金丝小枣、无棣金丝小枣、乐陵金丝小枣、庆云金丝小枣、沾化金丝小枣、沧州金丝小枣,294,1.2,1.1,69.7
524,6,水果类,乐陵枣,乐陵枣,215,3.3,0.6,49.1
525,6,水果类,密云小枣,密云小枣,214,3.9,0.8,47.9
526,6,水果类,黑枣(无核)[乌枣],黑枣,228,1.7,0.3,54.7
527,6,水果类,黑枣(有核),黑枣,228,3.7,0.5,52.2
528,6,水果类,酒枣,酒枣,145,1.6,0.2,34.3
529,6,水果类,蜜枣,蜜枣,321,1.3,0.2,78.6
530,6,水果类,蜜枣(无核),蜜枣,321,1,0.1,78.9
531,6,水果类,酸枣,酸枣、山枣、野枣、五眼果、棘、棘子、葛针,278,3.5,1.5,62.7
532,6,水果类,樱桃,樱桃、车厘子、含桃、荆桃,46,1.1,0.2,9.9
533,6,水果类,樱桃(野，白刺),樱桃、车厘子、含桃、荆桃,288,11.4,3.9,51.9
534,6,水果类,葡萄(均值),葡萄、草龙珠、山葫芦、蒲桃、菩提子,43,0.5,0.2,9.9
535,6,水果类,红玫瑰葡萄,红玫瑰葡萄,37,0.4,0.2,8.5
536,6,水果类,巨峰葡萄,巨峰葡萄,50,0.4,0.2,11.6
537,6,水果类,马奶子葡萄,马奶子葡萄,40,0.5,0.4,8.7
538,6,水果类,玫瑰香葡萄,玫瑰香葡萄,50,0.4,0.4,11.1
539,6,水果类,紫葡萄,紫葡萄,43,0.7,0.3,9.3
540,6,水果类,葡萄干,葡萄干、草龙珠、蒲桃、乌珠木,341,2.5,0.4,81.8
541,6,水果类,石榴(均值),石榴、安石榴、金罂、金庞、钟石榴、天浆、甘石榴、丹若,63,1.4,0.2,13.9
542,6,水果类,红粉皮石榴,红粉皮石榴,64,1.3,0.1,14.5
543,6,水果类,玛瑙石榴,玛瑙石榴,63,1.6,0.2,13.7
544,6,水果类,青皮石榴,青皮石榴,61,1.2,0.2,13.6
545,6,水果类,柿,柿,71,0.4,0.1,17.1
546,6,水果类,荷柿,荷柿,57,0.6,0.2,13.3
547,6,水果类,磨盘柿,磨盘柿,76,0.7,0.1,18.1
548,6,水果类,柿饼,柿饼、干柿、柿花、柿干,250,1.8,0.2,60.2
549,6,水果类,桑葚(均值),桑葚、桑实、桑果、桑枣、乌椹,49,1.7,0.4,9.7
550,6,水果类,桑葚(白),桑葚、桑实、桑果、桑枣、乌椹,50,1.8,0.3,10
551,6,水果类,桑葚(红),桑葚、桑实、桑果、桑枣、乌椹,48,1.6,0.4,9.6
552,6,水果类,桑葚(干),桑葚、桑实、桑果、桑枣、乌椹,239,21.1,6.1,24.9
553,6,水果类,醋栗[灯笼果],醋栗、灯笼果、金樱子、糖罐子、刺头、倒挂金钩、黄茶瓶、刺榆子、刺梨子、金罂子、山石榴、山鸡头子、糖莺子、棠球、糖罐、糖果、黄刺果、蜂糖罐、槟榔果、金壶瓶、野石榴、糖橘子、小石榴、藤勾子、螳螂果、糖刺果、刺橄榄、刺兰棵子,44,0.9,0.6,10.2
554,6,水果类,黑醋栗[黑加仑],黑醋栗、黑加仑,63,1.4,0.4,15.4
555,6,水果类,沙棘,沙棘,119,0.9,1.8,24.7
556,6,水果类,无花果,无花果、文先果、奶浆果、树地瓜、映日果、明目果、密果、阿驲、阿驿、底珍、天生子、优昙钵、蜜果、文仙果、品仙果、挣桃,59,1.5,0.1,13
557,6,水果类,中华猕猴桃[毛叶猕猴桃],中华猕猴桃、毛叶猕猴桃,56,0.8,0.6,11.9
558,6,水果类,草莓[洋莓，凤阳草莓],草莓、洋莓、凤阳草莓、大草莓、士多啤梨、红莓、地莓,30,1,0.2,6
559,6,水果类,橙,橙、橙子、脐橙、糖橙、金球、香橙、黄橙、甜橙、黄果、酸橙,47,0.8,0.2,10.5
560,6,水果类,柑桔(均值),柑桔、桔子、柑橘、橘子,51,0.7,0.2,11.5
561,6,水果类,福桔,福桔,45,1,0.2,9.9
562,6,水果类,桔柑子[宽皮桂],桔柑子、宽皮桂,43,0.8,0.1,9.7
563,6,水果类,金桔[金枣],金桔、金枣、金橘、金柑、小金桔、夏橘、寿星柑、给客橙、金蛋、罗浮,55,1,0.2,12.3
564,6,水果类,芦柑,芦柑,43,0.6,0.2,9.7
565,6,水果类,蜜桔,蜜桔,42,0.8,0.4,8.9
566,6,水果类,三湖红桔,三湖红桔,41,0.8,0.3,8.7
567,6,水果类,四川红桔,四川红桔,40,0.7,0.1,9.1
568,6,水果类,小叶桔,小叶桔,38,1.1,0.2,7.9
569,6,水果类,早桔,早桔,57,1.2,0.2,12.5
570,6,水果类,桔饼,桔饼,364,0.6,0.4,89.4
571,6,水果类,柚[文旦],柚、文旦、柚子、香抛、霜柚、臭橙,41,0.8,0.2,9.1
572,6,水果类,柠檬,柠檬、黎檬、黎檬子、黎朦子、宜母子、里木子、梨橡干、药果、檬子、梦子、宜蒙子、宜母果、柠果、黎檬干,35,1.1,1.2,4.9
573,6,水果类,芭蕉[甘蕉，板蕉，牙蕉],芭蕉、甘蕉、板蕉、牙蕉、香蕉、蕉子、蕉果,109,1.2,0.1,25.8
574,6,水果类,菠萝[凤梨，地菠萝],菠萝、凤梨、地菠萝、番梨、露兜子,41,0.5,0.1,9.5
575,6,水果类,菠萝蜜[木菠萝],菠萝蜜、木菠萝,103,0.2,0.3,24.9
576,6,水果类,刺梨[茨梨，木梨子],刺梨、茨梨、木梨子,55,0.7,0.1,12.8
577,6,水果类,番石榴[鸡矢果，番桃],番石榴、鸡矢果、番桃、拔子、番稔、花稔、番桃树、缅桃、胶子果,41,1.1,0.4,8.3
578,6,水果类,桂圆,桂圆、龙眼、益智、骊珠、元肉、龙目、亚荔枝,71,1.2,0.1,16.2
579,6,水果类,桂圆(干),桂圆、龙眼、益智、骊珠、元肉、龙目、亚荔枝,273,5,0.2,62.8
580,6,水果类,桂圆肉,桂圆肉、龙眼肉、干桂圆,313,4.6,1,71.5
581,6,水果类,黄皮果,黄皮果,31,1.6,0.2,5.6
582,6,水果类,荔枝,荔枝、丹荔、丽枝、香果、勒荔、离支,70,0.9,0.2,16.1
583,6,水果类,芒果[抹猛果，望果],芒果、抹猛果、望果、庵罗果、檬果、蜜望子、香盖、果、漭果、闷果、蜜望、面果、庵波罗果,32,0.6,0.2,7
584,6,水果类,木瓜[番木瓜],木瓜、番木瓜、番瓜、石瓜、蓬生果、乳瓜、木冬瓜、万寿果、万寿匏、奶匏,27,0.4,0.1,6.2
585,6,水果类,人参果,人参果,80,0.6,0.7,17.7
586,6,水果类,香蕉[甘蕉],香蕉、甘蕉、蕉子、蕉果,91,1.4,0.2,20.8
587,6,水果类,杨梅[树梅，山杨梅],杨梅、树梅、山杨梅、覆盆子、悬钩子、覆盆、覆盆莓、树莓、野莓、木莓、乌藨子,28,0.8,0.2,5.7
588,6,水果类,杨桃,杨桃、五棱子、五敛、羊桃、阳桃、三棱子、风鼓、鬼桃、三稔,29,0.6,0.2,6.2
589,6,水果类,椰子,椰子、胥椰、胥余、越子头、椰僳、胥耶、越王头、椰糅,231,4,12.1,26.6
590,6,水果类,枇杷,枇杷、腊兄、金丸、卢橘、粗客,39,0.8,0.2,8.5
591,6,水果类,橄榄(白榄),橄榄,49,0.8,0.2,11.1
592,6,水果类,余柑子[油柑子],余柑子、油柑子,38,0.3,0.1,9
593,6,水果类,白金瓜,白金瓜,24,0.4,0,5.7
594,6,水果类,白兰瓜,白兰瓜,21,0.6,0.1,4.5
595,6,水果类,哈蜜瓜,哈蜜瓜、哈密瓜、甜瓜、甘瓜、网纹瓜,34,0.5,0.1,7.7
596,6,水果类,黄河蜜瓜,黄河蜜瓜,5,0.4,0,0.8
597,6,水果类,金塔寺瓜,金塔寺瓜,9,0.6,0.1,1.3
598,6,水果类,灵蜜瓜,灵蜜瓜,3,0.5,0.1,0
599,6,水果类,麻醉瓜,麻醉瓜,17,0.7,0.1,3.2
600,6,水果类,甜瓜[香瓜],甜瓜、香瓜、哈密瓜、哈蜜瓜、甘瓜、网纹瓜,26,0.4,0.1,5.8
601,6,水果类,西瓜(均值),西瓜、寒瓜、天生白虎汤、夏瓜、水瓜,25,0.6,0.1,5.5
602,6,水果类,西瓜(京欣一号),西瓜、寒瓜、天生白虎汤、夏瓜、水瓜,34,0.5,0,7.9
603,6,水果类,西瓜(郑州三号),西瓜、寒瓜、天生白虎汤、夏瓜、水瓜,25,0.6,0.1,5.5
604,6,水果类,西瓜(忠于6号，黑皮),西瓜、寒瓜、天生白虎汤、夏瓜、水瓜,32,0.5,0.5,6.4
605,6,水果类,籽瓜,籽瓜,4,0.2,0.3,0.1
606,6,水果类,榴莲,榴莲、韶子、麝香猫果,147,2.6,3.3,28.3
607,6,水果类,冬枣,冬枣、雁来红、苹果枣、冰糖枣、鲁北冬枣、沾化冬枣、黄骅冬枣,105,1.8,0.2,27.8
608,6,水果类,百香果,百香果、受难果、巴西果、藤桃、西番莲、鸡蛋果,97,2.2,0.7,23.38
609,6,水果类,红毛丹,红毛丹、韶子、毛荔枝,79,1,1.2,17.5
610,6,水果类,柿子,柿子、米果、猴枣、镇头迦,71,0.7,0.1,17.1
611,6,水果类,山竹,山竹、莽吉柿、山竺、山竹子,69,0.4,0.2,18
612,6,水果类,甘蔗,甘蔗、竿蔗、糖梗、红甘蔗、薯蔗、干蔗、接肠草、竿蔗,64,0.4,0.1,16
613,6,水果类,猕猴桃,猕猴桃、藤梨、阳桃、白毛桃、毛梨子、布冬、猕猴梨、羊桃、几维果、木子、毛木果、奇异果,56,0.8,0.6,14.5
614,6,水果类,蓝莓,蓝莓、蓝梅、笃斯、笃柿、嘟嗜、都柿、甸果、笃斯越桔、笃斯越橘,56,0.74,0.33,12.9
615,6,水果类,火龙果,火龙果、仙蜜果、红龙果,51,1.1,0.2,13.3
616,6,水果类,蔓越莓,蔓越莓、蔓越橘、小红莓,46,0.4,0.13,12.2
617,6,水果类,葡萄柚,葡萄柚、西柚,33,0.7,0.3,7.8
618,6,水果类,樱桃番茄,樱桃番茄、葡萄番茄、小西红柿、圣女果、珍珠番茄,22,1,0.2,5.8
619,6,水果类,仙人掌果,仙人掌果、仙桃,17,1.1,0.1,6.8
620,7,坚果种子,白果(干)[银杏],白果、银杏、银杏果、公孙树子、公孙果,355,13.2,1.3,72.6
621,7,坚果种子,菠萝蜜子,菠萝蜜子,160,4.9,0.3,34.4
622,7,坚果种子,核桃(鲜),核桃、胡桃,328,12.8,29.9,1.8
623,7,坚果种子,核桃(干)[胡桃],核桃、胡桃,627,14.9,58.8,9.6
624,7,坚果种子,毛核桃,毛核桃,174,12,6.7,16.3
625,7,坚果种子,山核桃(干),山核桃、小核桃、山蟹、山核,601,18,50.4,18.8
626,7,坚果种子,山核桃(熟)[小核桃],山核桃、小核桃、山蟹、山核,596,7.9,50.8,26.8
627,7,坚果种子,栗子(鲜)[板栗],栗子、板栗、毛栗,185,4.2,0.7,40.5
628,7,坚果种子,栗子(干),栗子、板栗、毛栗,345,5.3,1.7,77.2
629,7,坚果种子,栗子(熟)[板栗],栗子、板栗、毛栗,212,4.8,1.5,44.8
630,7,坚果种子,松子(生),松子、松籽、松子仁、海松子、罗松子、红松果,640,12.6,62.6,6.6
631,7,坚果种子,松子(炒),松子、松籽、松子仁、海松子、罗松子、红松果,619,14.1,58.5,9
632,7,坚果种子,松子仁,松子仁、松子、松籽、海松子、罗松子、红松果,698,13.4,70.6,2.2
633,7,坚果种子,杏仁,杏仁、苦杏仁、北杏仁、杏核仁、杏子、杏人,562,22.5,45.4,15.9
634,7,坚果种子,杏仁(大),杏仁、苦杏仁、北杏仁、杏核仁、杏子、杏人,503,19.9,42.9,9.3
635,7,坚果种子,杏仁(炒),杏仁、苦杏仁、北杏仁、杏核仁、杏子、杏人,600,25.7,51,9.6
636,7,坚果种子,杏仁(原味全部),杏仁、苦杏仁、北杏仁、杏核仁、杏子、杏人,578,21.3,50.6,19.7
637,7,坚果种子,杏仁(漂白后),杏仁、苦杏仁、北杏仁、杏核仁、杏子、杏人,581,21.9,50.6,19.9
638,7,坚果种子,杏仁(过油炸干),杏仁、苦杏仁、北杏仁、杏核仁、杏子、杏人,607,21.2,55.2,17.7
639,7,坚果种子,杏仁(烤干，不加盐),杏仁、苦杏仁、北杏仁、杏核仁、杏子、杏人,597,22.1,52.8,19.3
640,7,坚果种子,杏仁(烤干，加盐),杏仁、苦杏仁、北杏仁、杏核仁、杏子、杏人,597,22.1,52.8,19.3
641,7,坚果种子,橡实[橡子，青冈子],橡实、橡子、青冈子,231,4,2,49.2
642,7,坚果种子,腰果,腰果、鸡腰果、介寿果,552,17.3,36.7,38
643,7,坚果种子,榛子(干),榛子、山板栗、尖栗、棰子、平榛、山反栗、槌子,542,20,44.8,14.7
644,7,坚果种子,榛子(炒),榛子、山板栗、尖栗、棰子、平榛、山反栗、槌子,594,30.5,50.3,4.9
645,7,坚果种子,胡麻籽,胡麻籽,390,19.1,30.7,9.3
646,7,坚果种子,花生(鲜)[落花生，长生果],花生、长生果、长寿果、落花生、生花生、花生米,298,12,25.4,5.3
647,7,坚果种子,花生(炒),花生、长生果、长寿果、落花生、生花生、花生米,589,21.7,48,17.5
648,7,坚果种子,花生仁(生),花生仁,563,24.8,44.3,16.2
649,7,坚果种子,花生仁(炒),花生仁,581,23.9,44.4,21.4
650,7,坚果种子,葵花子(生),葵花子、葵花籽仁、葵花子仁、葵花籽、向日葵子、天葵子、葵子、瓜子、瓜子仁,597,23.9,49.9,13
651,7,坚果种子,葵花子(炒),葵花子、葵花籽仁、葵花子仁、葵花籽、向日葵子、天葵子、葵子、瓜子、瓜子仁,616,22.6,52.8,12.5
652,7,坚果种子,葵花子仁,葵花子仁、葵花籽仁、葵花籽、葵花子、向日葵子、天葵子、葵子、瓜子、瓜子仁,606,19.1,53.4,12.2
653,7,坚果种子,莲子(干),莲子、莲肉、白莲子、建莲子、湘莲子、石莲肉,344,17.2,2,64.2
654,7,坚果种子,莲子(糖水罐头),莲子、莲肉、白莲子、建莲子、湘莲子、石莲肉,201,2.8,0.5,46.2
655,7,坚果种子,南瓜子(炒)[白瓜子],南瓜子、北瓜子、南瓜仁、白瓜子、金瓜米、窝瓜子、倭瓜子、南瓜子仁,574,36,46.1,3.8
656,7,坚果种子,南瓜子仁,南瓜子仁、南瓜子、北瓜子、南瓜仁、白瓜子、金瓜米、窝瓜子、倭瓜子,566,33.2,48.1,0
657,7,坚果种子,西瓜子(炒),西瓜子,573,32.7,44.8,9.7
658,7,坚果种子,西瓜子(话梅),西瓜子,541,30.3,46.5,0.2
659,7,坚果种子,西瓜子仁,西瓜子仁,556,32.4,45.9,3.2
660,7,坚果种子,芝麻籽(白),芝麻籽,517,18.4,39.6,21.7
661,7,坚果种子,芝麻籽(黑),芝麻籽、芝麻、脂麻、胡麻、白麻、黑芝麻,531,19.1,46.1,10
662,7,坚果种子,芡实米(鲜)[鸡头米],芡实米、芡实、鸡头米、水鸡头、鸡头苞、鸡嘴莲、刺莲蓬实,144,4.4,0.2,31.1
663,7,坚果种子,芡实米[鸡头米],芡实米、鸡头米、芡实、水鸡头、鸡头苞、鸡嘴莲、刺莲蓬实,351,8.3,0.3,78.7
664,7,坚果种子,开心果,开心果、阿月浑子、胡棒子、无名子,614,20.6,53,21.9
665,7,坚果种子,干无花果,干无花果、无花果干,361,3.6,4.3,77.8
666,7,坚果种子,阿胶枣,阿胶枣,334,2.5,0.2,82
667,8,畜肉类,猪肉(肥瘦)(均值),猪肉,395,13.2,37,2.4
668,8,畜肉类,猪肉(肥),猪肉,807,2.4,88.6,0
669,8,畜肉类,猪肉(后臀尖),猪肉,336,14.6,30.8,0
670,8,畜肉类,猪肉(后肘),猪肉、猪肘、蹄膀,320,17,28,0
671,8,畜肉类,猪肉(肋条肉),猪肉、五花肉、方肉、五花三层、肋条肉、三层肉,568,9.3,59,0
672,8,畜肉类,猪肉(里脊),猪肉、猪里脊肉,155,20.2,7.9,0.7
673,8,畜肉类,猪肉(奶脯)[软五花，猪夹心],猪肉,349,7.7,35.3,0
674,8,畜肉类,猪肉(奶面)[硬五花],猪肉,339,13.6,30.6,2.2
675,8,畜肉类,猪肉(前肘),猪肉、猪肘、蹄膀,287,17.3,22.9,2.9
676,8,畜肉类,猪肉(瘦),猪肉,143,20.3,6.2,1.5
677,8,畜肉类,猪肉(腿),猪肉,190,17.9,12.8,0.8
678,8,畜肉类,猪肉(猪脖),猪肉,577,8,60.5,0
679,8,畜肉类,猪大肠,猪大肠、肥肠,196,6.9,18.7,0
680,8,畜肉类,猪大排,猪大排、排骨、肋排、子排、骨头、猪排,264,18.3,20.4,1.7
681,8,畜肉类,猪耳,猪耳、猪耳朵,176,19.1,11.1,0
682,8,畜肉类,猪蹄,猪蹄、猪脚、猪手、猪蹄爪,260,22.6,18.8,0
683,8,畜肉类,猪蹄筋,猪蹄筋,156,35.3,1.4,0.5
684,8,畜肉类,猪头皮,猪头皮,499,11.8,44.6,12.7
685,8,畜肉类,猪小排,猪小排、猪肋排、猪排,278,16.7,23.1,0.7
686,8,畜肉类,猪肘棒,猪肘棒,248,16.5,16,9.4
687,8,畜肉类,猪胆肝,猪胆肝,336,44.2,6.4,25.3
688,8,畜肉类,猪肚,猪肚、猪胃、猪堵,110,15.2,5.1,0.7
689,8,畜肉类,猪肺,猪肺,84,12.2,3.9,0.1
690,8,畜肉类,猪肝,猪肝,129,19.3,3.5,5
691,8,畜肉类,猪脑,猪脑、猪脑髓、猪脑袋,131,10.8,9.8,0
692,8,畜肉类,猪脾,猪脾,94,13.2,3.2,3.1
693,8,畜肉类,猪舌[口条],猪舌、口条、猪舌头,233,15.7,18.1,1.7
694,8,畜肉类,猪肾[猪腰子],猪肾、猪腰子、猪腰,96,15.4,3.2,1.4
695,8,畜肉类,猪肾(腰子),猪肾、猪腰、猪腰子,137,16,8.1,0
696,8,畜肉类,猪小肠,猪小肠,65,10,2,1.7
697,8,畜肉类,猪心,猪心,119,16.6,5.3,1.1
698,8,畜肉类,猪血,猪血、液体肉、血豆腐、血花,55,12.2,0.3,0.9
699,8,畜肉类,叉烧肉,叉烧肉,279,23.8,16.9,7.9
700,8,畜肉类,宫爆肉丁(罐头),宫爆肉丁,353,17.7,27.6,8.4
701,8,畜肉类,酱汁肉,酱汁肉,549,15.5,50.4,8.4
702,8,畜肉类,腊肉(培根),腊肉,181,22.3,9,2.6
703,8,畜肉类,腊肉(生),腊肉,498,11.8,48.8,2.9
704,8,畜肉类,卤猪杂,卤猪杂,186,24.6,4.8,11
705,8,畜肉类,午餐肉,午餐肉,229,9.4,15.9,12
706,8,畜肉类,咸肉,咸肉、盐肉、腌肉、渍肉、南肉、北肉,390,16.5,36,0
707,8,畜肉类,珍珠里脊丝(罐头),珍珠里脊丝,225,6.7,17.3,10.5
708,8,畜肉类,猪肝(卤煮),猪肝,203,26.4,8.3,5.6
709,8,畜肉类,猪肉(清蒸),猪肉,198,18.4,13.8,0
710,8,畜肉类,猪蹄(熟),猪蹄、猪脚、猪手、猪蹄爪,260,23.6,17,3.2
711,8,畜肉类,猪肘棒(熟),猪肘棒,314,21.3,24.5,2.1
712,8,畜肉类,猪肉松(均值),猪肉松,396,23.4,11.5,49.7
713,8,畜肉类,福建式肉松,福建式肉松,493,25.1,26,39.7
714,8,畜肉类,老年保健肉松,老年保健肉松,458,35.8,20.5,32.5
715,8,畜肉类,太仓肉松,太仓肉松,316,38.6,8.3,21.6
716,8,畜肉类,茶肠,茶肠,329,9,29.6,6.7
717,8,畜肉类,大腊肠,大腊肠,267,12.9,20.1,8.6
718,8,畜肉类,大肉肠,大肉肠,273,12,22.9,4.6
719,8,畜肉类,蛋清肠,蛋清肠,278,12.5,22.8,5.8
720,8,畜肉类,儿童肠,儿童肠,290,13.1,19.6,15.3
721,8,畜肉类,风干肠,风干肠,283,12.4,23.3,5.9
722,8,畜肉类,广东香肠,广东香肠,433,18,37.3,6.4
723,8,畜肉类,红果肠,红果肠,260,10.2,15.3,20.3
724,8,畜肉类,火腿肠,火腿肠,212,14,10.4,15.6
725,8,畜肉类,腊肠,腊肠、香肠、南肠、灌肠,584,22,48.3,15.3
726,8,畜肉类,松江肠,松江肠,402,12.3,26.5,28.5
727,8,畜肉类,蒜肠,蒜肠,309,7.5,25.4,12.7
728,8,畜肉类,香肠,香肠、腊肠、南肠、灌肠,508,24.1,40.7,11.2
729,8,畜肉类,香肠(罐头),香肠、腊肠、南肠、灌肠,290,7.9,28.1,1.3
730,8,畜肉类,小红肠,小红肠,280,11.8,23.2,6
731,8,畜肉类,小泥肠,小泥肠,295,11.3,26.3,3.2
732,8,畜肉类,午餐肠,午餐肠,261,2.9,16.6,24.9
733,8,畜肉类,午餐肚,午餐肚,181,9.3,0.5,34.7
734,8,畜肉类,方腿,方腿,117,16.2,5,1.9
735,8,畜肉类,火腿,火腿、兰熏、熏蹄、南腿,330,16,27.4,4.9
736,8,畜肉类,金华火腿,金华火腿,318,16.4,28,0.1
737,8,畜肉类,圆腿,圆腿,139,18.4,6.5,1.6
738,8,畜肉类,牛肉(肥瘦)(均值),牛肉、牛腩,125,19.9,4.2,2
739,8,畜肉类,牛肉(腑肋),牛肉,123,18.6,5.4,0
740,8,畜肉类,牛肉(后腿),牛肉,106,20.9,2,1.1
741,8,畜肉类,牛肉(后腱),牛肉,98,20.1,1,2.2
742,8,畜肉类,牛肉(里脊),牛肉、牛腩、牛排,107,22.2,0.9,2.4
743,8,畜肉类,牛肉(前腿),牛肉,105,19.2,1.8,2.9
744,8,畜肉类,牛肉(前腱),牛肉,113,20.3,1.3,5.1
745,8,畜肉类,牛肉(瘦),牛肉,106,20.2,2.3,1.2
746,8,畜肉类,牛蹄筋,牛蹄筋,151,34.1,0.5,2.6
747,8,畜肉类,牛蹄筋(泡发),牛蹄筋,25,6,0,0.2
748,8,畜肉类,牛鞭(泡发),牛鞭、牛冲,117,27.2,0.9,0
749,8,畜肉类,牛大肠,牛大肠,66,11,2.3,0.4
750,8,畜肉类,牛肚,牛肚、百叶、肚尖、牛胃、牛百叶、牛膍,72,14.5,1.6,0
751,8,畜肉类,牛肺,牛肺,95,16.5,2.5,1.5
752,8,畜肉类,牛肝,牛肝,139,19.8,3.9,6.2
753,8,畜肉类,牛脑,牛脑,149,12.5,11,0.1
754,8,畜肉类,牛舌,牛舌,196,17,13.3,2
755,8,畜肉类,牛肾,牛肾、牛腰、牛腰子,94,15.6,2.4,2.6
756,8,畜肉类,牛心,牛心,106,15.4,3.5,3.1
757,8,畜肉类,酱牛肉,酱牛肉,246,31.4,11.9,3.2
758,8,畜肉类,煨牛肉(罐头),煨牛肉,166,16.7,11,0.1
759,8,畜肉类,牛肉干,牛肉干,550,45.6,40,1.9
760,8,畜肉类,咖哩牛肉干,咖哩牛肉干,326,45.9,2.7,29.5
761,8,畜肉类,牛肉松,牛肉松,445,8.2,15.7,67.7
762,8,畜肉类,牛蹄筋(熟),牛蹄筋,147,35.2,0.6,0.1
763,8,畜肉类,羊肉(肥瘦)(均值),羊肉,203,19,14.1,0
764,8,畜肉类,羊肉(冻),羊肉,285,12.6,24.4,3.8
765,8,畜肉类,羊肉(后腿),羊肉,110,19.5,3.4,0.3
766,8,畜肉类,羊肉(颈),羊肉,135,21.3,4.6,2.2
767,8,畜肉类,羊肉(里脊),羊肉,103,20.5,1.6,1.6
768,8,畜肉类,羊肉(前腿),羊肉,110,18.6,3.2,1.6
769,8,畜肉类,羊肉(青羊),羊肉,99,21.3,1.1,1
770,8,畜肉类,羊肉(瘦),羊肉,118,20.5,3.9,0.2
771,8,畜肉类,羊肉(胸脯),羊肉,133,19.4,6.2,0
772,8,畜肉类,山羊肉(冻),山羊肉,293,8.7,24.5,9.4
773,8,畜肉类,羊蹄筋(生),羊蹄筋,159,34.3,2.4,0
774,8,畜肉类,羊蹄筋(泡发),羊蹄筋,41,8.4,0,1.9
775,8,畜肉类,羊大肠,羊大肠,75,13.4,2.4,0
776,8,畜肉类,羊肚,羊肚、羊胃、羊膍胵、羊膍眰,87,12.2,3.4,1.8
777,8,畜肉类,羊肺,羊肺,96,16.2,2.4,2.5
778,8,畜肉类,羊肝,羊肝,134,17.9,3.6,7.4
779,8,畜肉类,羊脑,羊脑,142,11.3,10.7,0.1
780,8,畜肉类,羊舌,羊舌,225,19.4,14.2,4.8
781,8,畜肉类,羊肾,羊肾、羊腰、羊肾子、羊腰子,96,16.6,2.8,1
782,8,畜肉类,羊心,羊心,113,13.8,5.5,2
783,8,畜肉类,羊血,羊血,57,6.8,0.2,6.9
784,8,畜肉类,腊羊肉,腊羊肉,246,26.1,10.6,11.5
785,8,畜肉类,羊肉(熟),羊肉,217,23.2,13.8,0
786,8,畜肉类,羊肉串(电烤),羊肉串,234,26.4,11.6,6
787,8,畜肉类,羊肉串(烤),羊肉串,206,26,10.3,2.4
788,8,畜肉类,羊肉串(炸),羊肉串,217,18.3,11.5,10
789,8,畜肉类,羊肉干,羊肉干,588,28.2,46.7,13.7
790,8,畜肉类,羊肉手抓,羊肉手抓,188,27.3,8.8,0
791,8,畜肉类,山羊肉(酱),山羊肉,272,25.4,13.7,11.8
792,8,畜肉类,驴肉(瘦),驴肉、漠骊肉、毛驴肉,116,21.5,3.2,0.4
793,8,畜肉类,驴鞭,驴鞭,143,29.7,0.8,4.3
794,8,畜肉类,驴肉(酱),驴肉、漠骊肉、毛驴肉,160,33.7,2.8,0
795,8,畜肉类,驴肉(卤),驴肉、漠骊肉、毛驴肉,151,27.7,1.9,5.8
796,8,畜肉类,驴肉(煮),驴肉、漠骊肉、毛驴肉,230,27,13.5,0
797,8,畜肉类,马肉,马肉,122,20.1,4.6,0.1
798,8,畜肉类,马心,马心,104,18.9,2.7,1
799,8,畜肉类,马肉(卤),马肉,170,30.5,4.8,1.2
800,8,畜肉类,狗肉,狗肉,116,16.8,4.6,1.8
801,8,畜肉类,骆驼蹄,骆驼蹄,116,25.6,1.4,0.2
802,8,畜肉类,骆驼掌,骆驼掌,310,72.8,2,0.3
803,8,畜肉类,兔肉,兔肉、兔子肉、家兔肉、菜兔肉、野兔肉,102,19.7,2.2,0.9
804,8,畜肉类,兔肉(野),兔肉、兔子肉、家兔肉、菜兔肉、野兔肉,84,16.6,2,0
805,8,畜肉类,猪皮,猪皮、肉皮,363,27.4,28.1,0
806,8,畜肉类,猪大骨头,猪大骨头、猪骨,200,40,12,0
807,8,畜肉类,牛尾,牛尾,147,17.43,8.06,0
808,8,畜肉类,鹿肉,鹿肉、梅花鹿肉、马鹿肉,95,19.7,1.3,0.3
809,9,禽肉类,鸡(均值),鸡,167,19.3,9.4,1.3
810,9,禽肉类,鸡(土鸡，家养),鸡,124,20.8,4.5,0
811,9,禽肉类,母鸡(一年内),母鸡,256,20.3,16.8,5.8
812,9,禽肉类,肉鸡(肥),肉鸡,389,16.7,35.4,0.9
813,9,禽肉类,华青鸡,华青鸡,158,19.6,8.8,0
814,9,禽肉类,沙鸡,沙鸡,147,20,6.7,1.6
815,9,禽肉类,乌骨鸡,乌骨鸡,111,22.3,2.3,0.3
816,9,禽肉类,鸡胸脯肉,鸡胸脯肉,133,19.4,5,2.5
817,9,禽肉类,鸡翅,鸡翅、鸡翼、大转弯,194,17.4,11.8,4.6
818,9,禽肉类,鸡腿,鸡腿,181,16,13,0
819,9,禽肉类,鸡爪,鸡爪、鸡掌、凤爪、凤足,254,23.9,16.4,2.7
820,9,禽肉类,鸡肝,鸡肝,121,16.6,4.8,2.8
821,9,禽肉类,鸡肝(肉鸡),鸡肝,121,16.7,4.5,3.5
822,9,禽肉类,鸡心,鸡心,172,15.9,11.8,0.6
823,9,禽肉类,鸡血,鸡血、鸡红,49,7.8,0.2,4.1
824,9,禽肉类,鸡肫[鸡胗],鸡肫、鸡胗、鸡胃,118,19.2,2.8,4
825,9,禽肉类,扒鸡,扒鸡,217,29.6,11,0
826,9,禽肉类,烤鸡,烤鸡,240,22.4,16.7,0.1
827,9,禽肉类,肯德鸡[炸鸡],肯德鸡、炸鸡,279,20.3,17.3,10.5
828,9,禽肉类,卤煮鸡,卤煮鸡,212,29.4,7.9,5.8
829,9,禽肉类,瓦罐鸡汤(肉),瓦罐鸡汤,190,20.9,9.5,5.2
830,9,禽肉类,瓦罐鸡汤(汤),瓦罐鸡汤,27,1.3,2.4,0
831,9,禽肉类,鸡肉松,鸡肉松,440,7.2,16.4,65.8
832,9,禽肉类,鸭(均值),鸭,240,15.5,19.7,0.2
833,9,禽肉类,公麻鸭,公麻鸭,360,14.3,30.9,6.1
834,9,禽肉类,母麻鸭,母麻鸭,461,13,44.8,1.4
835,9,禽肉类,鸭胸脯肉,鸭胸脯肉,90,15,1.5,4
836,9,禽肉类,鸭皮,鸭皮,538,6.5,50.2,15.1
837,9,禽肉类,鸭翅,鸭翅,146,16.5,6.1,6.3
838,9,禽肉类,鸭掌,鸭掌、鸭爪,150,26.9,1.9,6.2
839,9,禽肉类,鸭肠,鸭肠,129,14.2,7.8,0.4
840,9,禽肉类,鸭肝,鸭肝,128,14.5,7.5,0.5
841,9,禽肉类,鸭肝(公麻鸭),鸭肝,136,14.7,4.1,10.1
842,9,禽肉类,鸭肝(母麻鸭),鸭肝,113,16.8,2.5,5.9
843,9,禽肉类,鸭舌[鸭条],鸭舌、鸭条,245,16.6,19.7,0.4
844,9,禽肉类,鸭心,鸭心,143,12.8,8.9,2.9
845,9,禽肉类,鸭血(白鸭),鸭血,108,13.6,0.4,12.4
846,9,禽肉类,鸭血(公麻鸭),鸭血,56,13.2,0.4,0
847,9,禽肉类,鸭血(母麻鸭),鸭血,55,13.1,0.3,0
848,9,禽肉类,鸭胰,鸭胰,117,21.7,2.9,1
849,9,禽肉类,鸭肫,鸭肫、鸭胗、鸭腱头,92,17.9,1.3,2.1
850,9,禽肉类,鸭肫(公麻鸭),鸭肫、鸭胗、鸭腱头,112,19.8,1.2,5.4
851,9,禽肉类,鸭肫(母麻鸭),鸭肫、鸭胗、鸭腱头,126,20.4,4.2,1.6
852,9,禽肉类,北京烤鸭,北京烤鸭,436,16.6,38.4,6
853,9,禽肉类,北京填鸭,北京填鸭,425,9.3,41.3,3.9
854,9,禽肉类,红烧鸭(罐头),红烧鸭,338,15.3,30.5,0.6
855,9,禽肉类,酱鸭,酱鸭,266,18.9,18.4,6.3
856,9,禽肉类,酱鸭(加梅菜，罐头),酱鸭,248,11.8,21.7,1.3
857,9,禽肉类,盐水鸭(熟),盐水鸭,313,16.6,26.1,2.8
858,9,禽肉类,鹅,鹅、鹅肉、天雁肉、舒雁肉、家雁肉、农雁肉,251,17.9,19.9,0
859,9,禽肉类,鹅肝,鹅肝、鹅心肝,129,15.2,3.4,9.3
860,9,禽肉类,鹅肫,鹅肫,100,19.6,1.9,1.1
861,9,禽肉类,烧鹅,烧鹅,289,19.7,21.5,4.2
862,9,禽肉类,火鸡腿,火鸡腿,91,20,1.2,0
863,9,禽肉类,火鸡胸脯肉,火鸡胸脯肉,103,22.4,0.2,2.8
864,9,禽肉类,火鸡肝,火鸡肝,143,20,5.6,3.1
865,9,禽肉类,火鸡肫,火鸡肫,91,18.9,0.3,3.2
866,9,禽肉类,鸽,鸽、鸽肉、鸽子肉,201,16.5,14.2,1.7
867,9,禽肉类,鹌鹑,鹌鹑,110,20.2,3.1,0.2
868,9,禽肉类,鸡肉,鸡肉,167,18.5,9.6,1.4
869,9,禽肉类,鸭肉,鸭肉、鹜肉、家凫肉、扁嘴娘肉、白鸭肉,149,17.3,9,0.2
870,10,乳类,牛乳(均值),牛乳、牛奶,54,3,3.2,3.4
871,10,乳类,牛乳(美国牛),牛乳、牛奶,59,2.9,3.2,4.6
872,10,乳类,牛乳(强化VA，VD),牛乳、牛奶,51,2.7,2,5.6
873,10,乳类,牛乳(西德牛),牛乳、牛奶,60,3.1,3,5.1
874,10,乳类,鲜羊乳,鲜羊乳,59,1.5,3.5,5.4
875,10,乳类,人乳,人乳,65,1.3,3.4,7.4
876,10,乳类,牛乳粉(多维奶粉),牛乳粉,484,19.9,22.7,49.9
877,10,乳类,全脂加糖奶粉,全脂加糖奶粉,490,22.5,23.4,47.4
878,10,乳类,全脂牛奶粉,全脂牛奶粉,478,20.1,21.2,51.7
879,10,乳类,全脂速溶奶粉,全脂速溶奶粉,466,19.9,18.9,54
880,10,乳类,全脂羊乳粉,全脂羊乳粉,498,18.8,25.2,49
881,10,乳类,酸奶(均值),酸奶、酸牛奶,72,2.5,2.7,9.3
882,10,乳类,酸奶(高蛋白),酸奶、酸牛奶,62,3.2,2.2,7.3
883,10,乳类,酸奶(脱脂),酸奶、酸牛奶,57,3.3,0.4,10
884,10,乳类,酸奶(中脂),酸奶、酸牛奶,64,2.7,1.9,9
885,10,乳类,酸奶(果料),酸奶、酸牛奶,67,3.1,1.4,10.4
886,10,乳类,酸奶(桔味，脱脂),酸奶、酸牛奶,48,3.2,0.3,8.2
887,10,乳类,奶酪[干酪],奶酪、干酪、乳酪、芝士、起司、计司,328,25.7,23.5,3.5
888,10,乳类,奶豆腐(脱脂),奶豆腐,343,53.7,2.5,26.5
889,10,乳类,奶豆腐(鲜),奶豆腐,305,46.2,7.8,12.5
890,10,乳类,奶疙瘩[奶酪干，干酸奶],奶疙瘩、奶酪干、干酸奶,426,55.1,15,17.7
891,10,乳类,契达干酪(普通),契达干酪,412,25.5,34.4,0.1
892,10,乳类,契达干酪(脱脂),契达干酪,261,31.5,15,0
893,10,乳类,曲拉,曲拉,356,39.1,2.9,43.4
894,10,乳类,全脂软酪,全脂软酪,313,8.6,31,0
895,10,乳类,酸酪蛋,酸酪蛋,443,40.4,20.4,24.4
896,10,乳类,羊乳酪,羊乳酪,250,15.6,20.2,1.5
897,10,乳类,中脂软酪,中脂软酪,179,9.2,14.5,3.1
898,10,乳类,奶油,奶油、淇淋、激凌、克林姆,879,0.7,97,0.9
899,10,乳类,奶油(焦克),奶油、淇淋、激凌、克林姆,447,3,48.3,0
900,10,乳类,奶油(食品工业),奶油、淇淋、激凌、克林姆,504,1.1,55.5,0
901,10,乳类,黄油,黄油、白脱油,888,1.4,98,0
902,10,乳类,黄油渣,黄油渣,599,11.1,43.8,40
903,10,乳类,白脱(食品工业)[牛油，黄油],白脱,744,0,82.7,0
904,10,乳类,酥油,酥油,860,1.5,94.4,1.1
905,10,乳类,炼乳(甜，罐头),炼乳,332,8,8.7,55.4
906,10,乳类,奶皮子,奶皮子,460,12.2,42.9,6.3
907,10,乳类,奶片,奶片,472,13.3,20.2,59.3
908,11,蛋类,鸡蛋(均值),鸡蛋、鸡子、鸡卵,144,13.3,8.8,2.8
909,11,蛋类,鸡蛋(白皮),鸡蛋、鸡子、鸡卵,138,12.7,9,1.5
910,11,蛋类,鸡蛋(红皮),鸡蛋、鸡子、鸡卵,156,12.8,11.1,1.3
911,11,蛋类,鸡蛋(土鸡),鸡蛋、鸡子、鸡卵,138,14.4,6.4,5.6
912,11,蛋类,鸡蛋白,鸡蛋白,60,11.6,0.1,3.1
913,11,蛋类,鸡蛋白(乌骨鸡),鸡蛋白,44,9.8,0.1,1
914,11,蛋类,鸡蛋黄,鸡蛋黄,328,15.2,28.2,3.4
915,11,蛋类,鸡蛋黄(乌骨鸡),鸡蛋黄,263,15.2,19.9,5.7
916,11,蛋类,鸡蛋粉[全蛋粉],鸡蛋粉、全蛋粉,545,43.4,36.2,11.3
917,11,蛋类,鸡蛋黄粉,鸡蛋黄粉,644,31.6,55.1,5.3
918,11,蛋类,松花蛋(鸡蛋),松花蛋、皮蛋、变蛋、灰包蛋,178,14.8,10.6,5.8
919,11,蛋类,鸭蛋,鸭蛋、鸭卵,180,12.6,13,3.1
920,11,蛋类,鸭蛋白,鸭蛋白,47,9.9,0,1.8
921,11,蛋类,鸭蛋黄,鸭蛋黄,378,14.5,33.8,4
922,11,蛋类,松花蛋(鸭蛋)[皮蛋],松花蛋、皮蛋、变蛋、灰包蛋,171,14.2,10.7,4.5
923,11,蛋类,咸鸭蛋,咸鸭蛋、青蛋,190,12.7,12.7,6.3
924,11,蛋类,鹅蛋,鹅蛋,196,11.1,15.6,2.8
925,11,蛋类,鹅蛋白,鹅蛋白,48,8.9,0,3.2
926,11,蛋类,鹅蛋黄,鹅蛋黄,324,15.5,26.4,6.2
927,11,蛋类,鹌鹑蛋,鹌鹑蛋、鹑鸟蛋、鹌鹑卵,160,12.8,11.1,2.1
928,11,蛋类,鹌鹑蛋(五香罐头),鹌鹑蛋、鹑鸟蛋、鹌鹑卵,152,11.6,11.7,0
929,12,鱼虾蟹贝类,白条鱼(裸鱼),白条鱼,103,16.6,3.3,1.6
930,12,鱼虾蟹贝类,草鱼[白鲩，草包鱼],草鱼、白鲩、草包鱼、鲩鱼、混子、草鲩、草根鱼、草青,113,16.6,5.2,0
931,12,鱼虾蟹贝类,赤眼鳟[金目鱼],赤眼鳟、金目鱼,109,18.1,4.1,0
932,12,鱼虾蟹贝类,感鱼[猴鱼],感鱼、猴鱼,114,17.5,4.3,1.2
933,12,鱼虾蟹贝类,胡子鲇[塘虱(鱼)],胡子鲇、塘虱,146,15.4,8,3.1
934,12,鱼虾蟹贝类,黄颡鱼[戈牙鱼，黄鳍鱼],黄颡鱼、戈牙鱼、黄鳍鱼,124,17.8,2.7,7.1
935,12,鱼虾蟹贝类,黄鳝[鳝鱼],黄鳝、鳝鱼、长鱼、无鳞公子、海蛇、蛆鱼、黄蛆,89,18,1.4,1.2
936,12,鱼虾蟹贝类,黄鳝丝,黄鳝丝,69,15.4,0.8,0
937,12,鱼虾蟹贝类,尖嘴白,尖嘴白,137,22.7,3.3,4.1
938,12,鱼虾蟹贝类,口头鱼,口头鱼,134,19.6,4.2,4.5
939,12,鱼虾蟹贝类,鲤鱼[鲤拐子],鲤鱼、鲤拐子、龙门鱼、赤鲤、黄鲤、白鲤、赖鲤,109,17.6,4.1,0.5
940,12,鱼虾蟹贝类,罗非鱼,罗非鱼、吴郭鱼、越南鱼、非洲鲫鱼、福寿鱼、尼罗鱼,98,18.4,1.5,2.8
941,12,鱼虾蟹贝类,罗非鱼(莫桑比克)[非洲黑鲫鱼],罗非鱼、吴郭鱼、越南鱼、非洲鲫鱼、福寿鱼、尼罗鱼,77,16,1,1
942,12,鱼虾蟹贝类,泥鳅,泥鳅、鱼鳅、鳛、鳅、鳅鱼、和鳅、鱃、委蛇、粉鳅,96,17.9,2,1.7
943,12,鱼虾蟹贝类,青鱼[青皮鱼，青鳞鱼，青混],青鱼、青皮鱼、青鳞鱼、青混、鲭、青鲩、乌青、螺蛳青、黑鲩、乌鲩、黑鲭、乌鲭、铜青、青棒、五侯青,118,20.1,4.2,0
944,12,鱼虾蟹贝类,乌鳢[黑鱼，石斑鱼，生鱼],乌鳢、黑鱼、石斑鱼、生鱼,85,18.5,1.2,0
945,12,鱼虾蟹贝类,银鱼[面条鱼],银鱼、面条鱼、王余、蛤残鱼、玻璃鱼、银条鱼、大银鱼、鲙残鱼,105,17.2,4,0
946,12,鱼虾蟹贝类,湟鱼(裸鲤鱼),湟鱼、花鱼、狗鱼、无鳞鱼,124,17.1,3.2,6.7
947,12,鱼虾蟹贝类,湟鱼(裸鱼),湟鱼、花鱼、狗鱼、无鳞鱼,100,17.8,2.3,2
948,12,鱼虾蟹贝类,鲇鱼[胡子鲇，鲢胡，旺虾],鲇鱼、胡子鲇、鲢胡、旺虾、鲶鱼、胡子鲢、黏鱼、塘虱鱼、生仔鱼,103,17.3,3.7,0
949,12,鱼虾蟹贝类,鲒花,鲒花,117,15.6,6.1,0
950,12,鱼虾蟹贝类,鲢鱼[白鲢，胖子，连子鱼],鲢鱼、白鲢、胖子、连子鱼、扁鱼、苏鱼、白脚鲢、白屿,104,17.8,3.6,0
951,12,鱼虾蟹贝类,鲫鱼[喜头鱼，海附鱼],鲫鱼、喜头鱼、海附鱼、河鲫、鲋鱼、喜头、鲫瓜子、童子鲫、鲭,108,17.1,2.7,3.8
952,12,鱼虾蟹贝类,鲮鱼[雪鲮],鲮鱼、雪鲮,95,18.4,2.1,0.7
953,12,鱼虾蟹贝类,鲮鱼(罐头),鲮鱼,399,30.7,26.9,8.5
954,12,鱼虾蟹贝类,鳊鱼[鲂鱼，武昌鱼],鳊鱼、鲂鱼、武昌鱼、老板鱼、板鱼、劳板鱼、甫鱼、劳子、铧子鱼、锅盖鱼、虎色、夫鱼、水尺、油虎、孔鳐,135,18.3,6.3,1.2
955,12,鱼虾蟹贝类,鳗鲡[鳗鱼，河鳗],鳗鲡、鳗鱼、河鳗、蛇鱼、风鳗、白鳗、白鳝、青鳝、青鳗、毛鱼、流鳗,181,18.6,10.8,2.3
956,12,鱼虾蟹贝类,鳙鱼[胖头鱼，摆佳鱼，花鲢鱼],鳙鱼、胖头鱼、摆佳鱼、花鲢鱼,100,15.3,2.2,4.7
957,12,鱼虾蟹贝类,鳜鱼[桂鱼，花鲫鱼],鳜鱼、桂鱼、花鲫鱼、鳖花鱼、稣鱼、鲜花鱼、石桂鱼,117,19.9,4.2,0
958,12,鱼虾蟹贝类,鳟鱼[红鳟鱼],鳟鱼、红鳟鱼,99,18.6,2.6,0.2
959,12,鱼虾蟹贝类,白姑鱼[白米子(鱼)],白姑鱼、白米子,150,19.1,8.2,0
960,12,鱼虾蟹贝类,参鱼[蓝圆参，边鱼],参鱼、蓝圆参、边鱼,124,18.5,3.4,4.8
961,12,鱼虾蟹贝类,带鱼[白带鱼，刀鱼],带鱼、白带鱼、刀鱼、裙带鱼、牙带、柳鞭鱼、带柳、晦刀鱼,127,17.7,4.9,3.1
962,12,鱼虾蟹贝类,堤鱼,堤鱼,191,17.6,12.8,1.3
963,12,鱼虾蟹贝类,丁香鱼(干),丁香鱼,196,37.5,3.1,4.6
964,12,鱼虾蟹贝类,狗母鱼[大头狗母鱼],狗母鱼、大头狗母鱼,100,16.7,2.3,3
965,12,鱼虾蟹贝类,海鲫鱼[九九鱼],海鲫鱼、九九鱼,206,17,13.7,3.6
966,12,鱼虾蟹贝类,海鳗[鲫勾],海鳗、鲫勾,122,18.8,5,0.5
967,12,鱼虾蟹贝类,红娘鱼[翼红娘鱼],红娘鱼、翼红娘鱼,105,18,2.8,1.9
968,12,鱼虾蟹贝类,黄姑鱼[黄婆鸡(鱼)],黄姑鱼、黄婆鸡,137,18.4,7,0
969,12,鱼虾蟹贝类,黄鱼(大黄花鱼),黄鱼、黄花鱼、石首鱼、大王鱼、石头鱼,97,17.7,2.5,0.8
970,12,鱼虾蟹贝类,黄鱼(小黄花鱼),黄鱼、黄花鱼、石首鱼、大王鱼、石头鱼,99,17.9,3,0.1
971,12,鱼虾蟹贝类,黄鲂[赤虹，老板鱼],黄鲂、赤虹、老板鱼、板鱼、劳板鱼、甫鱼、劳子、铧子鱼、锅盖鱼、虎色、夫鱼、鲂鱼、水尺、油虎、孔鳐,81,18.5,0.5,0.6
972,12,鱼虾蟹贝类,金线鱼[红三鱼],金线鱼、红三鱼,101,18.6,2.9,0
973,12,鱼虾蟹贝类,绿鳍马面豚[面包鱼，橡皮鱼],绿鳍马面豚、面包鱼、橡皮鱼、马面鱼、绿鳍马面鲀、迪仔、剥皮鱼、皮匠鱼、烧烧角,83,18.1,0.6,1.2
974,12,鱼虾蟹贝类,梅童鱼[大头仔鱼，丁珠鱼],梅童鱼、大头仔鱼、丁珠鱼,121,18.9,5,0
975,12,鱼虾蟹贝类,沙丁鱼[沙鲻],沙丁鱼、沙鲻,89,19.8,1.1,0
976,12,鱼虾蟹贝类,沙钻鱼[多鳞喜，沙梭，麦穗鱼],沙钻鱼、多鳞喜、沙梭、麦穗鱼,84,18.4,0.6,1.2
977,12,鱼虾蟹贝类,蛇鲻[沙梭鱼],蛇鲻、沙梭鱼,122,20.8,4.2,0.3
978,12,鱼虾蟹贝类,舌鳎[花纹舌头，舌头鱼],舌鳎、花纹舌头、舌头鱼,83,17.7,1.4,0
979,12,鱼虾蟹贝类,油抒[香梭鱼],油抒、香梭鱼,145,15.9,9,0
980,12,鱼虾蟹贝类,颚针鱼[针量鱼],颚针鱼、针量鱼,180,20.2,10.4,1.4
981,12,鱼虾蟹贝类,鲅鱼[马鲛鱼，燕鲅鱼，巴鱼],鲅鱼、马鲛鱼、燕鲅鱼、巴鱼、马交、尖头马加、蓝点鲅,121,21.2,3.1,2.1
982,12,鱼虾蟹贝类,鲅鱼(咸)[咸马胶],鲅鱼、马交、巴鱼、燕鲅鱼、尖头马加、蓝点鲅、马鲛鱼,157,23.3,1.6,12.4
983,12,鱼虾蟹贝类,鲆[片口鱼，比目鱼],鲆、片口鱼、比目鱼、左口鱼、牙片、偏口、鲽鱼、牙鲆,112,20.8,3.2,0
984,12,鱼虾蟹贝类,鲈鱼[鲈花],鲈鱼、鲈花、鲈板、鲈子鱼、寨花、四腮鱼、鲁鱼、花糜,105,18.6,3.4,0
985,12,鱼虾蟹贝类,鲐鱼[青鲐鱼，鲐巴鱼，青砖鱼],鲐鱼、青鲐鱼、鲐巴鱼、青砖鱼,155,19.9,7.4,2.2
986,12,鱼虾蟹贝类,鲑鱼[大麻哈鱼],鲑鱼、大麻哈鱼、三文鱼、大马哈鱼,139,17.2,7.8,0
987,12,鱼虾蟹贝类,鲑鱼籽酱[大麻哈鱼籽酱],鲑鱼籽酱、大麻哈鱼籽酱,252,10.9,16.8,14.4
988,12,鱼虾蟹贝类,鲚鱼(大)[大凤尾鱼],鲚鱼,106,13.2,5.5,0.8
989,12,鱼虾蟹贝类,鲚鱼(小)[小凤尾鱼],鲚鱼,124,15.5,5.1,4
990,12,鱼虾蟹贝类,鲨鱼[真鲨，白斑角鲨],鲨鱼、真鲨、白斑角鲨,118,22.2,3.2,0
991,12,鱼虾蟹贝类,鲳鱼[平鱼，银鲳，刺鲳],鲳鱼、平鱼、银鲳、刺鲳、镜鱼,140,18.5,7.3,0
992,12,鱼虾蟹贝类,鲷[黑鲷，铜盆鱼，大目鱼],鲷、黑鲷、铜盆鱼、大目鱼、鲷鱼、加吉鱼、班加吉、加真鲷,106,17.9,2.6,2.7
993,12,鱼虾蟹贝类,鲻鱼[白眼棱鱼],鲻鱼、白眼棱鱼,119,18.9,4.8,0
994,12,鱼虾蟹贝类,鲽[比目鱼，凸眼鱼],鲽、比目鱼、凸眼鱼、片口鱼、左口鱼、牙片、偏口、鲽鱼、牙鲆,107,21.1,2.3,0.5
995,12,鱼虾蟹贝类,鳐鱼[夫鱼],鳐鱼、夫鱼、老板鱼、板鱼、劳板鱼、甫鱼、劳子、铧子鱼、锅盖鱼、虎色、鲂鱼、水尺、油虎、孔鳐,90,20.8,0.7,0
996,12,鱼虾蟹贝类,鳓鱼[快鱼，力鱼],鳓鱼、快鱼、力鱼,159,20.7,8.5,0
997,12,鱼虾蟹贝类,鳕鱼[鳕狭，明太鱼],鳕鱼、鳕狭、明太鱼、大口鱼,88,20.4,0.5,0.5
998,12,鱼虾蟹贝类,鳘鱼,鳘鱼,89,20.2,0.9,0
999,12,鱼虾蟹贝类,鱼片干,鱼片干,303,46.1,3.4,22
1000,12,鱼虾蟹贝类,鱼奇油[鱼露，虾油],鱼奇油、鱼露、虾油,47,11.2,0.2,0
1001,12,鱼虾蟹贝类,白米虾[水虾米],白米虾、水虾米,81,17.3,0.4,2
1002,12,鱼虾蟹贝类,斑节对虾[草虾],斑节对虾、草虾、虾、开洋、曲身小子、河虾、长须公、虎头公,103,18.6,0.8,5.4
1003,12,鱼虾蟹贝类,长毛对虾[大虾，白露虾],长毛对虾、大虾、白露虾,90,18.5,0.4,3
1004,12,鱼虾蟹贝类,刺蛄[刺蛄],刺蛄、刺蛄,77,16,1.4,0
1005,12,鱼虾蟹贝类,东方对虾[中国对虾],东方对虾、中国对虾,84,18.3,0.5,1.6
1006,12,鱼虾蟹贝类,对虾,对虾,93,18.6,0.8,2.8
1007,12,鱼虾蟹贝类,海虾,海虾,79,16.8,0.6,1.5
1008,12,鱼虾蟹贝类,河虾,河虾、日本沼虾、青虾,87,16.4,2.4,0
1009,12,鱼虾蟹贝类,基围虾,基围虾、刀额新对虾、独角新对虾,101,18.2,1.4,3.9
1010,12,鱼虾蟹贝类,江虾[沼虾],江虾、沼虾,87,10.3,0.9,9.3
1011,12,鱼虾蟹贝类,龙虾,龙虾,90,18.9,1.1,1
1012,12,鱼虾蟹贝类,明虾,明虾,85,13.4,1.8,3.8
1013,12,鱼虾蟹贝类,塘水虾[草虾],塘水虾、草虾、虾、开洋、曲身小子、河虾、长须公、虎头公,96,21.2,1.2,0
1014,12,鱼虾蟹贝类,虾虎,虾虎,81,11.6,1.7,4.8
1015,12,鱼虾蟹贝类,虾皮,虾皮,153,30.7,2.2,2.5
1016,12,鱼虾蟹贝类,螯虾,螯虾,93,14.8,3.8,0
1017,12,鱼虾蟹贝类,虾米[海米，虾仁],虾米、海米、虾仁,198,43.7,2.6,0
1018,12,鱼虾蟹贝类,虾脑酱,虾脑酱,100,15.2,4.3,0
1019,12,鱼虾蟹贝类,海蟹,海蟹、梭子蟹、海螃蟹、枪蟹、帜,95,13.8,2.3,4.7
1020,12,鱼虾蟹贝类,河蟹,河蟹、毛蟹、稻蟹、中华绒螯蟹、横行介士、无肠公子,103,17.5,2.6,2.3
1021,12,鱼虾蟹贝类,踞缘青蟹[青蟹],踞缘青蟹、青蟹、螃蟹、螯毛蟹、大闸蟹,80,14.6,1.6,1.7
1022,12,鱼虾蟹贝类,梭子蟹,梭子蟹、海蟹、海螃蟹、枪蟹、帜,95,15.9,3.1,0.9
1023,12,鱼虾蟹贝类,蟹肉,蟹肉,62,11.6,1.2,1.1
1024,12,鱼虾蟹贝类,鲍鱼[杂色鲍],鲍鱼、杂色鲍、鳆鱼、鲍螺、九孔、紫鲍、盘鲍、大鲍、石决明、白戟鱼、阔口鱼、白冀、鲴鱼、明目鱼,84,12.6,0.8,6.6
1025,12,鱼虾蟹贝类,鲍鱼(干),鲍鱼、鳆鱼、鲍螺、九孔、紫鲍、盘鲍、大鲍、石决明、白戟鱼、阔口鱼、白冀、鲴鱼、明目鱼,322,54.1,5.6,13.7
1026,12,鱼虾蟹贝类,蛏子,蛏子、缢蛏、竹蛏、大竹蛏,40,7.3,0.3,2.1
1027,12,鱼虾蟹贝类,蛏干[蛏子缢，蛏青子],蛏干、蛏子缢、蛏青子,340,46.5,4.9,27.4
1028,12,鱼虾蟹贝类,赤贝,赤贝,61,13.9,0.6,0
1029,12,鱼虾蟹贝类,河蚌,河蚌、河歪、河蛤蜊、鸟贝,54,10.9,0.8,0.7
1030,12,鱼虾蟹贝类,河蚬[蚬子],河蚬、蚬子,47,7,1.4,1.7
1031,12,鱼虾蟹贝类,牡蛎[海蛎子],牡蛎、海蛎子、生蚝、蛎蛤、左顾牡蛎、牡蛤、海蛎子壳、海蛎子皮、左壳、蛎黄、鲜蚵、古贲,73,5.3,2.1,8.2
1032,12,鱼虾蟹贝类,生蚝,生蚝、牡蛎、蛎蛤、左顾牡蛎、牡蛤、海蛎子壳、海蛎子皮、左壳、海蛎子、蛎黄、鲜蚵、古贲,57,10.9,1.5,0
1033,12,鱼虾蟹贝类,泥蚶[血蚶，珠蚶],泥蚶、血蚶、珠蚶,71,10,0.8,6
1034,12,鱼虾蟹贝类,扇贝(鲜),扇贝、帆立贝、海扇、带子,60,11.1,0.6,2.6
1035,12,鱼虾蟹贝类,扇贝(干)[干贝],扇贝、帆立贝、海扇、带子,264,55.6,2.4,5.1
1036,12,鱼虾蟹贝类,鲜贝,鲜贝、带子,77,15.7,0.5,2.5
1037,12,鱼虾蟹贝类,银蚶[蚶子],银蚶、蚶子,71,12.2,1.4,2.3
1038,12,鱼虾蟹贝类,贻贝(鲜)[淡菜，壳菜],贻贝、淡菜、厚壳贻贝、壳菜、青口、翡翠贻贝、扁顶蛤、菲律宾偏顶蛤、海蜌、红蛤、珠菜、东海夫人、海红,80,11.4,1.7,4.7
1039,12,鱼虾蟹贝类,贻贝(干)[淡菜，壳菜],贻贝、淡菜、厚壳贻贝、壳菜、青口、翡翠贻贝、扁顶蛤、菲律宾偏顶蛤、海蜌、红蛤、珠菜、东海夫人、海红,355,47.8,9.3,20.1
1040,12,鱼虾蟹贝类,蛤蜊(均值),蛤蜊、花蛤、文蛤、蚶仔、西施舌、嘎啦,62,10.1,1.1,2.8
1041,12,鱼虾蟹贝类,花蛤蜊,花蛤蜊,45,7.7,0.6,2.2
1042,12,鱼虾蟹贝类,毛蛤蜊,毛蛤蜊、毛蚶,97,15,1,7.1
1043,12,鱼虾蟹贝类,秋蛤蜊,秋蛤蜊,89,15.6,0.7,5
1044,12,鱼虾蟹贝类,沙蛤蜊,沙蛤蜊,56,8.9,1.9,0.8
1045,12,鱼虾蟹贝类,杂色蛤蜊,杂色蛤蜊,53,7.5,2.2,0.7
1046,12,鱼虾蟹贝类,螺(均值),螺,100,15.7,1.2,6.6
1047,12,鱼虾蟹贝类,红螺,红螺、海螺、瓷螺、交螺、海窝窝、海牛牛、假猪螺、顶头螺、菠螺,119,20.2,0.9,7.6
1048,12,鱼虾蟹贝类,黄螺[东风螺],黄螺、东风螺、田螺、大田螺、田中螺,106,19.8,1,4.5
1049,12,鱼虾蟹贝类,螺蛳,螺蛳,59,7.5,0.6,6
1050,12,鱼虾蟹贝类,石螺,石螺,90,12.8,0.7,8.2
1051,12,鱼虾蟹贝类,田螺,田螺、大田螺、黄螺、田中螺,60,11,0.2,3.6
1052,12,鱼虾蟹贝类,香海螺,香海螺,163,22.7,3.5,10.1
1053,12,鱼虾蟹贝类,海参,海参、海男子、土肉、刺参、海鼠、海瓜皮,78,16.5,0.2,2.5
1054,12,鱼虾蟹贝类,海参(干),海参、海男子、土肉、刺参、海鼠、海瓜皮,262,50.2,4.8,4.5
1055,12,鱼虾蟹贝类,海参(水浸),海参、海男子、土肉、刺参、海鼠、海瓜皮,25,6,0.1,0
1056,12,鱼虾蟹贝类,海蜇皮,海蜇皮、海蛰皮,33,3.7,0.3,3.8
1057,12,鱼虾蟹贝类,海蜇头,海蜇头、水母,74,6,0.3,11.8
1058,12,鱼虾蟹贝类,墨鱼[曼氏无针乌贼],墨鱼、曼氏无针乌贼、乌贼、花枝、墨斗鱼、乌鱼、暝斗鱼、乌侧鱼、缆鱼,83,15.2,0.9,3.4
1059,12,鱼虾蟹贝类,墨鱼(干)[曼氏无针乌贼],墨鱼、乌贼、花枝、墨斗鱼、乌鱼、暝斗鱼、乌侧鱼、缆鱼,287,65.3,1.9,2.1
1060,12,鱼虾蟹贝类,乌贼(鲜)[鱿鱼，台湾枪乌贼，枪乌贼],乌贼、墨鱼、花枝、墨斗鱼、乌鱼、暝斗鱼、乌侧鱼、缆鱼,84,17.4,1.6,0
1061,12,鱼虾蟹贝类,鱿鱼(干)[台湾枪乌贼],鱿鱼、枪乌贼、柔鱼、竹快子、小管仔,313,60,4.6,7.8
1062,12,鱼虾蟹贝类,鱿鱼(水浸),鱿鱼、枪乌贼、柔鱼、竹快子、小管仔,75,17,0.8,0
1063,12,鱼虾蟹贝类,乌鱼蛋,乌鱼蛋,66,14.1,1.1,0
1064,12,鱼虾蟹贝类,章鱼[真蛸],章鱼、真蛸、八角鱼、八爪鱼、石居、坐蛸、石吸、望潮、死牛、小八梢鱼、络蹄、蛸,52,10.6,0.4,1.4
1065,12,鱼虾蟹贝类,章鱼(八爪鱼)[八角鱼],章鱼、八角鱼、八爪鱼、石居、坐蛸、石吸、望潮、死牛、小八梢鱼、络蹄、蛸,135,18.9,0.4,14
1066,12,鱼虾蟹贝类,小龙虾,小龙虾、鳌虾、淡水小龙虾、红螯虾,93,14.8,3.8,0
1067,12,鱼虾蟹贝类,皮皮虾,皮皮虾、虾耙子、虾公驼子、琵琶虾、螳螂虾、攋尿虾、虾蛄,93,19.2,1.7,0.2
1068,12,鱼虾蟹贝类,秋刀鱼,秋刀鱼、竹刀鱼,125,16.7,7.6,0.2
1069,12,鱼虾蟹贝类,金枪鱼,金枪鱼、鲔鱼、吞拿鱼,99,23.5,0.6,0
1070,13,婴幼儿食品,母乳化奶粉,母乳化奶粉,510,14.5,27.1,51.9
1071,13,婴幼儿食品,婴儿奶粉,婴儿奶粉,443,19.8,15.1,57
1072,13,婴幼儿食品,豆奶粉,豆奶粉,423,19,8,68.7
1073,13,婴幼儿食品,钙质糕粉,钙质糕粉,362,7.9,1.3,79.7
1074,13,婴幼儿食品,健儿粉,健儿粉,369,7.1,1.1,82.7
1075,13,婴幼儿食品,莲子健儿粉,莲子健儿粉,352,8,0.7,78.3
1076,13,婴幼儿食品,乳儿糕,乳儿糕,365,11.7,2.7,73.5
1077,13,婴幼儿食品,婴儿奶糕,婴儿奶糕,343,10.4,0.9,73.2
1078,13,婴幼儿食品,婴儿营养粉[婴宝*5410*],婴儿营养粉、婴宝*5410*,426,17,12.8,60.8
1079,13,婴幼儿食品,营养乳儿糕,营养乳儿糕,364,7.5,1.9,79.3
1080,14,小吃甜饼,艾窝窝,艾窝窝,190,4.3,0,43.1
1081,14,小吃甜饼,白水羊头,白水羊头,193,22.4,11,1.2
1082,14,小吃甜饼,茶汤,茶汤,93,1.5,0.1,21.4
1083,14,小吃甜饼,炒肝,炒肝,96,2.8,8,3.3
1084,14,小吃甜饼,春卷,春卷,463,6.1,33.7,33.8
1085,14,小吃甜饼,豆腐脑(带卤),豆腐脑,47,2.6,1.8,5.2
1086,14,小吃甜饼,粉皮,粉皮,61,0.2,0.3,14.4
1087,14,小吃甜饼,灌肠,灌肠、香肠、腊肠、南肠,134,0.2,0.3,32.5
1088,14,小吃甜饼,煎饼,煎饼,336,7.6,0.7,74.7
1089,14,小吃甜饼,焦圈,焦圈,530,6.9,34.9,47.1
1090,14,小吃甜饼,京八件,京八件,435,7.2,16.4,64.6
1091,14,小吃甜饼,栗羊羹,栗羊羹,301,3.7,0.6,70.1
1092,14,小吃甜饼,凉粉,凉粉,37,0.2,0.3,8.3
1093,14,小吃甜饼,凉粉(带调料),凉粉,51,0.3,0.5,11.2
1094,14,小吃甜饼,凉面,凉面,167,4.8,1.7,33.1
1095,14,小吃甜饼,龙虾片,龙虾片,338,0.6,0.1,83.7
1096,14,小吃甜饼,驴打滚,驴打滚,194,8.2,0.2,39.9
1097,14,小吃甜饼,美味香酥卷,美味香酥卷,368,7.5,3.6,76.3
1098,14,小吃甜饼,蜜麻花[糖耳朵],蜜麻花、糖耳朵,367,4.8,11,62.3
1099,14,小吃甜饼,密三刀,密三刀,425,4.4,14.2,69.9
1100,14,小吃甜饼,面窝,面窝,289,5.2,10.7,42.9
1101,14,小吃甜饼,年糕,年糕,154,3.3,0.6,33.9
1102,14,小吃甜饼,酿皮,酿皮,106,4.4,0.3,21.5
1103,14,小吃甜饼,青稞炒面,青稞炒面,356,11.8,2.2,72.3
1104,14,小吃甜饼,热干面,热干面,152,4.2,2.4,28.5
1105,14,小吃甜饼,三刀蜜,三刀蜜,383,4.1,10.5,67.9
1106,14,小吃甜饼,三鲜豆皮,三鲜豆皮,237,6,10.2,30.4
1107,14,小吃甜饼,汤泡,汤泡,236,8.1,11.6,24.9
1108,14,小吃甜饼,甜胚子,甜胚子,130,5.2,0.2,26.8
1109,14,小吃甜饼,甜醅,甜醅,187,7.8,0.1,38.8
1110,14,小吃甜饼,豌豆黄,豌豆黄,133,7.5,0.6,24.5
1111,14,小吃甜饼,香油炒面,香油炒面,407,12.4,4.8,78.6
1112,14,小吃甜饼,油茶,油茶,94,2.4,0.9,19.1
1113,14,小吃甜饼,油炸豆瓣,油炸豆瓣,405,25.1,9.8,54
1114,14,小吃甜饼,油炸豆花,油炸豆花,400,33.4,14.8,33.3
1115,14,小吃甜饼,炸糕,炸糕,280,6.1,12.3,36.1
1116,14,小吃甜饼,糌粑(稞麦熟品),糌粑,257,4.1,13.1,30.7
1117,14,小吃甜饼,蛋糕(均值),蛋糕,347,8.6,5.1,66.7
1118,14,小吃甜饼,蛋糕(黄蛋糕),蛋糕,320,9.5,6,56.9
1119,14,小吃甜饼,蛋清蛋糕,蛋清蛋糕,339,6.5,2.4,72.9
1120,14,小吃甜饼,宫廷蛋糕,宫廷蛋糕,334,7.4,3.4,68.4
1121,14,小吃甜饼,老年蛋糕,老年蛋糕,383,13,9.6,61.2
1122,14,小吃甜饼,奶油蛋糕,奶油蛋糕,378,7.2,13.9,55.9
1123,14,小吃甜饼,西式蛋糕,西式蛋糕,316,7.8,3.4,63.5
1124,14,小吃甜饼,月饼(百寿宴点),月饼,429,5.1,22.1,52.3
1125,14,小吃甜饼,月饼(豆沙),月饼,405,8.2,13.6,62.5
1126,14,小吃甜饼,月饼(奶油果馅),月饼,441,5.7,16.9,66.6
1127,14,小吃甜饼,月饼(奶油松仁),月饼,438,6.4,21.4,54.9
1128,14,小吃甜饼,月饼(唐王赏月),月饼,407,8,18.4,52.4
1129,14,小吃甜饼,月饼(五仁),月饼,416,8,16,60.1
1130,14,小吃甜饼,月饼(香油果馅),月饼,449,6.3,19.7,61.7
1131,14,小吃甜饼,月饼(枣泥),月饼,424,7.1,15.7,63.5
1132,14,小吃甜饼,板油酥饼,板油酥饼,359,7.6,14.9,48.5
1133,14,小吃甜饼,蛋黄酥,蛋黄酥,386,11.7,3.9,76.1
1134,14,小吃甜饼,蛋麻脆,蛋麻脆,452,9,17.4,64.9
1135,14,小吃甜饼,德庆酥,德庆酥,456,5.9,18.7,66.1
1136,14,小吃甜饼,鹅油卷,鹅油卷,461,8.4,22.7,55.7
1137,14,小吃甜饼,凤尾酥,凤尾酥,511,6.6,25.3,64.2
1138,14,小吃甜饼,福来酥,福来酥,465,6.2,21.4,62
1139,14,小吃甜饼,核桃薄脆,核桃薄脆,480,9.8,24.6,54.9
1140,14,小吃甜饼,黑麻香酥,黑麻香酥,437,5.6,16.1,67.3
1141,14,小吃甜饼,黑洋酥,黑洋酥,417,4.2,12.4,72.2
1142,14,小吃甜饼,混糖糕点,混糖糕点,453,7.9,16.3,68.7
1143,14,小吃甜饼,鸡腿酥,鸡腿酥,436,6.2,13.4,72.7
1144,14,小吃甜饼,夹心酥饼,夹心酥饼,481,5.3,24.7,59.3
1145,14,小吃甜饼,江米条,江米条,439,5.7,11.7,77.7
1146,14,小吃甜饼,金钱酥,金钱酥,474,11.4,23.1,55
1147,14,小吃甜饼,京式黄酥,京式黄酥,490,6,21.8,67.4
1148,14,小吃甜饼,开口笑,开口笑,512,8.4,30,52.2
1149,14,小吃甜饼,廖花糖,廖花糖,392,7.2,14,59.3
1150,14,小吃甜饼,绿豆糕,绿豆糕,349,12.8,1,72.2
1151,14,小吃甜饼,麻烘糕,麻烘糕,397,3.8,3.8,86.9
1152,14,小吃甜饼,麻花,麻花,524,8.3,31.5,51.9
1153,14,小吃甜饼,麻香糕,麻香糕,401,3.9,3.6,88.2
1154,14,小吃甜饼,米花糖,米花糖,384,3.1,3.3,85.5
1155,14,小吃甜饼,起酥,起酥,499,8.7,31.7,44.8
1156,14,小吃甜饼,水晶饼,水晶饼,436,0.2,17.4,69.7
1157,14,小吃甜饼,酥皮糕点,酥皮糕点,426,8.1,15.5,63.6
1158,14,小吃甜饼,桃酥,桃酥,481,7.1,21.8,64
1159,14,小吃甜饼,硬皮糕点,硬皮糕点,463,8.4,20.1,62.2
1160,14,小吃甜饼,芝麻桃酥,芝麻桃酥,467,7,17.7,69.8
1161,14,小吃甜饼,状元饼,状元饼,435,8.6,14.7,67.1
1162,14,小吃甜饼,茯苓夹饼,茯苓夹饼,332,4.4,0.4,77.8
1163,15,速食食品,蛋片,蛋片,391,8.1,4.1,80.3
1164,15,速食食品,麦片,麦片,351,12.4,7.4,58.7
1165,15,速食食品,燕麦片,燕麦片、燕麦、雀麦、野麦、油麦、玉麦、稞燕麦、苏鲁,367,15,6.7,61.6
1166,15,速食食品,玉米片(即食粥),玉米片,390,7.2,3.7,81.9
1167,15,速食食品,方便面,方便面,472,9.5,21.1,60.9
1168,15,速食食品,面包(均值),面包,312,8.3,5.1,58.1
1169,15,速食食品,多维面包,多维面包,316,8.8,8.4,51.3
1170,15,速食食品,法式牛角面包,法式牛角面包,375,8.4,14.3,53.1
1171,15,速食食品,法式配餐面包,法式配餐面包,282,10,1.2,57.7
1172,15,速食食品,果料面包,果料面包,278,8.5,2.1,56.2
1173,15,速食食品,黄油面包,黄油面包,329,7.9,8.7,54.7
1174,15,速食食品,乐斯美面包,乐斯美面包,333,9.2,2.8,67.8
1175,15,速食食品,麦胚面包,麦胚面包,246,8.5,1,50.8
1176,15,速食食品,麦维面包,麦维面包,270,8.3,4.7,48.5
1177,15,速食食品,维生素面包,维生素面包,279,8.8,5.6,48.3
1178,15,速食食品,咸面包,咸面包,274,9.2,3.9,50.5
1179,15,速食食品,椰圈面包,椰圈面包,320,9.5,4.8,59.6
1180,15,速食食品,桦榕面包,桦榕面包,328,8.9,7.5,56.3
1181,15,速食食品,饼干(均值),饼干,433,9,12.7,70.6
1182,15,速食食品,VC饼干,VC饼干,572,10.8,39.7,42.9
1183,15,速食食品,饼干(强化锌)[富锌饼干],饼干,444,11,13.3,70.1
1184,15,速食食品,补血饼干,补血饼干,452,11.8,14.7,68
1185,15,速食食品,儿童营养饼干,儿童营养饼干,447,10.8,12.9,71.8
1186,15,速食食品,钙奶饼干,钙奶饼干,444,8.4,13.2,73
1187,15,速食食品,钙王饼干,钙王饼干,450,7.8,13.9,73.4
1188,15,速食食品,高蛋白饼干,高蛋白饼干,448,11,16.2,64.5
1189,15,速食食品,军用压缩饼干,军用压缩饼干,457,7.9,17.8,66.4
1190,15,速食食品,奶油饼干,奶油饼干,429,8.5,13.1,69.2
1191,15,速食食品,牛奶饼干,牛奶饼干,408,8.1,6.1,80.1
1192,15,速食食品,曲奇饼,曲奇饼,546,6.5,31.6,58.9
1193,15,速食食品,苏打饼干,苏打饼干,408,8.4,7.7,76.2
1194,15,速食食品,维夫饼干,维夫饼干,528,5.4,35.2,47.5
1195,15,速食食品,菠萝豆,菠萝豆,392,10.4,2.1,82.8
1196,15,速食食品,空心果,空心果,451,6.8,15.2,71.8
1197,15,速食食品,马铃薯片(油炸)[油炸土豆片],马铃薯片,612,4,48.4,40
1198,15,速食食品,酥香兰花豆,酥香兰花豆,416,12.8,13.6,60.5
1199,15,速食食品,爆米花,爆米花、玉米花、爆谷、肥仔米、Popcorn,387,12.94,4.54,77.78
1200,15,速食食品,红豆沙,红豆沙,240,4.5,0.1,52.7
1201,15,速食食品,培根,培根、烟熏肉、烟肉,181,22.3,9,2.6
1202,15,速食食品,鱼丸,鱼丸、水丸、氽鱼丸,107,11.1,1.3,12.7
1203,16,软饮料,百令可乐,百令可乐,28,0.2,0.1,6.5
1204,16,软饮料,冰川可乐,冰川可乐,45,0,0,11.2
1205,16,软饮料,橙珍(易拉罐装),橙珍,25,0.1,0,6.1
1206,16,软饮料,橙汁汽水,橙汁汽水,20,0,0,5.1
1207,16,软饮料,柠檬汽水,柠檬汽水,38,0,0,9.5
1208,16,软饮料,特制柠檬汽水,特制柠檬汽水,50,0,0,12.5
1209,16,软饮料,特制汽水,特制汽水,42,0,0,10.5
1210,16,软饮料,维尔康运动饮料,维尔康运动饮料,45,0,0.1,11
1211,16,软饮料,VC橘汁,VC橘汁,95,0.1,0.2,23.2
1212,16,软饮料,浓缩橘汁,浓缩橘汁,235,0.8,0.3,57.3
1213,16,软饮料,鲜橘汁(纸盒),鲜橘汁,30,0.1,0,7.4
1214,16,软饮料,橘子汁,橘子汁,119,0,0.1,29.6
1215,16,软饮料,刺玫汁(纸盒),刺玫汁,32,0,0,8.1
1216,16,软饮料,甘蔗汁,甘蔗汁,64,0.4,0.1,15.4
1217,16,软饮料,红果汁,红果汁,157,0,0.2,38.7
1218,16,软饮料,柠檬汁,柠檬汁,26,0.9,0.2,5.2
1219,16,软饮料,沙棘果汁,沙棘果汁,44,0.9,0.5,8.9
1220,16,软饮料,乌梅汁,乌梅汁,133,0.2,0.1,32.8
1221,16,软饮料,原汁沙棘,原汁沙棘,48,2.6,0,9.3
1222,16,软饮料,胡萝卜素王,胡萝卜素王,130,0.1,0.2,32
1223,16,软饮料,果味奶,果味奶,20,0.9,0.8,2.4
1224,16,软饮料,喜乐(乳酸饮料),喜乐,53,0.9,0.2,11.8
1225,16,软饮料,巧克力豆奶,巧克力豆奶,39,2.9,0.5,5.8
1226,16,软饮料,杏仁露,杏仁露,46,0.9,1.1,8.1
1227,16,软饮料,茶砖[砖茶],茶砖、砖茶,206,14.5,4,27.9
1228,16,软饮料,茶砖(小),茶砖,244,15.1,4,36.8
1229,16,软饮料,红茶,红茶,294,26.7,1.1,44.4
1230,16,软饮料,花茶,花茶、香片,281,27.1,1.2,40.4
1231,16,软饮料,甲级龙井,甲级龙井,309,33.3,2.7,37.8
1232,16,软饮料,绿茶,绿茶、苦茗,296,34.2,2.3,34.7
1233,16,软饮料,石榴花茶,石榴花茶,320,10.5,2.9,63
1234,16,软饮料,柿叶茶,柿叶茶,286,25.8,1.9,41.4
1235,16,软饮料,铁观音茶,铁观音茶,304,22.8,1.3,50.3
1236,16,软饮料,珠茶,珠茶,305,28.7,1.7,43.7
1237,16,软饮料,茶水,茶水,0,0.1,0,0
1238,16,软饮料,宝宝福,宝宝福,390,0.2,0,97.3
1239,16,软饮料,冰淇淋粉,冰淇淋粉,396,14.5,3.5,76.7
1240,16,软饮料,固体桔子饮料,固体桔子饮料,391,0.2,0,97.5
1241,16,软饮料,可可粉,可可粉,320,20.9,8.4,40.2
1242,16,软饮料,麦乳精,麦乳精、乐口福,429,8.5,9.7,77
1243,16,软饮料,山楂晶,山楂晶,386,0.1,0.2,95.9
1244,16,软饮料,酸梅晶,酸梅晶,394,0.2,0,98.4
1245,16,软饮料,鲜桔晶,鲜桔晶,385,0.3,0,95.9
1246,16,软饮料,猕猴桃晶,猕猴桃晶,390,0.4,0,97.1
1247,16,软饮料,橘子晶,橘子晶,390,0.2,0.4,96.5
1248,16,软饮料,冰棍,冰棍,47,0.8,0.2,10.5
1249,16,软饮料,冰砖,冰砖,153,2.9,6.8,20
1250,16,软饮料,冰淇淋,冰淇淋,127,2.4,5.3,17.3
1251,16,软饮料,大雪糕,大雪糕,74,2.2,0.9,14.3
1252,16,软饮料,三明治冰激淋,三明治冰激淋,169,7.4,5.6,22.2
1253,16,软饮料,双棒雪糕,双棒雪糕,137,2.3,3.6,23.9
1254,16,软饮料,娃娃头,娃娃头,215,9.8,8.6,24.6
1255,16,软饮料,紫雪糕,紫雪糕,228,2.6,13.7,23.6
1256,16,软饮料,红景天饮料,红景天饮料,33,0,0,8.2
1257,17,酒精饮料,啤酒(均值),啤酒,16,0.4,0,3.7
1258,17,酒精饮料,北京啤酒,北京啤酒,400,0.4,0,99.6
1259,17,酒精饮料,北京特制啤酒(6度),北京特制啤酒,17,0.4,0,3.9
1260,17,酒精饮料,楚天啤酒(2.6度),楚天啤酒,400,0.4,0,99.6
1261,17,酒精饮料,酒泉啤酒,酒泉啤酒,400,0.4,0,99.6
1262,17,酒精饮料,麦饭石啤酒,麦饭石啤酒,400,0.5,0,99.5
1263,17,酒精饮料,美雪啤酒,美雪啤酒,400,0.4,0,99.6
1264,17,酒精饮料,秦海啤酒,秦海啤酒,400,0.5,0,99.5
1265,17,酒精饮料,清爽型啤酒(6度),清爽型啤酒,14,0.4,0,3
1266,17,酒精饮料,特制啤酒(5度),特制啤酒,15,0.4,0,3.3
1267,17,酒精饮料,维生素C啤酒,维生素C啤酒,400,0.3,0,99.7
1268,17,酒精饮料,武汉啤酒(3.2度),武汉啤酒,400,0.3,0,99.7
1269,17,酒精饮料,五星啤酒,五星啤酒,400,0.3,0,99.7
1270,17,酒精饮料,行吟阁啤酒(3.2度),行吟阁啤酒,400,0.3,0,99.7
1271,17,酒精饮料,葡萄酒(均值),葡萄酒,400,0.1,0,99.9
1272,17,酒精饮料,白葡萄酒(均值),白葡萄酒,400,0.1,0,99.9
1273,17,酒精饮料,红葡萄酒(均值),红葡萄酒,400,0.1,0,99.9
1274,17,酒精饮料,玫瑰香葡萄酒(15度),玫瑰香葡萄酒,400,0.1,0,99.9
1275,17,酒精饮料,黄酒(均值),黄酒、绍兴酒、老酒、加饭酒、甜酒,11,1.6,0,1.2
1276,17,酒精饮料,贡米佳酿(14度),贡米佳酿,400,0,0,100
1277,17,酒精饮料,加饭黄酒,加饭黄酒,400,1.6,0,98.4
1278,17,酒精饮料,江米酒,江米酒、米酒、糯米酒、甜酒、酒酿、醪糟,400,1.6,0,98.4
1279,17,酒精饮料,糯香酒(6.4度),糯香酒,400,0,0,100
1280,17,酒精饮料,善酿酒,善酿酒,400,2,0,98
1281,17,酒精饮料,绍兴黄酒(15度),绍兴黄酒,400,0,0,100
1282,17,酒精饮料,元红黄酒,元红黄酒,400,1.3,0,98.7
1283,17,酒精饮料,碧绿酒,碧绿酒,400,0,0,100
1284,17,酒精饮料,崇明老白酒,崇明老白酒,400,0,0,100
1285,17,酒精饮料,低度汉酒(37.2度),低度汉酒,400,0,0,100
1286,17,酒精饮料,二锅头(58度),二锅头,400,0,0,100
1287,17,酒精饮料,甘州大曲,甘州大曲,400,0,0,100
1288,17,酒精饮料,汉口白酒(49.6度),汉口白酒,400,0,0,100
1289,17,酒精饮料,汉口小麦酒(40.7度),汉口小麦酒,400,0,0,100
1290,17,酒精饮料,黄鹤楼酒(39度),黄鹤楼酒,400,0,0,100
1291,17,酒精饮料,精制小麦酒,精制小麦酒,400,0,0,100
1292,17,酒精饮料,景泰大曲,景泰大曲,400,0,0,100
1293,17,酒精饮料,景泰二曲,景泰二曲,400,0,0,100
1294,17,酒精饮料,酒泉酒,酒泉酒,400,0,0,100
1295,17,酒精饮料,凉洲曲酒,凉洲曲酒,400,0,0,100
1296,17,酒精饮料,宁河大曲,宁河大曲,400,0,0,100
1297,17,酒精饮料,宁河二曲,宁河二曲,400,0,0,100
1298,17,酒精饮料,曲酒(55度),曲酒,400,0,0,100
1299,17,酒精饮料,三粮小麦(55度),三粮小麦,400,0,0,100
1300,17,酒精饮料,丝路春酒,丝路春酒,400,0,0,100
1301,17,酒精饮料,特制汉酒(59.9度),特制汉酒,400,0,0,100
1302,17,酒精饮料,特制三粮酒(56.2度),特制三粮酒,400,0,0,100
1303,17,酒精饮料,乌林春酒(青稞酒),乌林春酒,400,0,0,100
1304,17,酒精饮料,五酿春(44.4度),五酿春,400,0,0,100
1305,17,酒精饮料,小麦酒(48度),小麦酒,400,0,0,100
1306,17,酒精饮料,小麦酒(50度),小麦酒,400,0,0,100
1307,17,酒精饮料,燕岭春(57度),燕岭春,400,0,0,100
1308,17,酒精饮料,醉流霞(57度),醉流霞,400,0,0,100
1309,17,酒精饮料,蜜酒,蜜酒,400,0,0,100
1310,17,酒精饮料,双喜沙棘酒,双喜沙棘酒,400,0,0,100
1311,17,酒精饮料,香雪酒,香雪酒,400,1.5,0,98.5
1312,17,酒精饮料,中华沙棘酒,中华沙棘酒,400,0,0,100
1313,18,糖蜜饯类,白砂糖,白砂糖、白糖、糖、砂糖、石蜜、白霜糖,400,0,0,99.9
1314,18,糖蜜饯类,绵白糖,绵白糖,396,0.1,0,98.9
1315,18,糖蜜饯类,冰糖,冰糖,397,0,0,99.3
1316,18,糖蜜饯类,红糖,红糖、土红糖、赤砂糖,389,0.7,0,96.6
1317,18,糖蜜饯类,麦芽糖,麦芽糖、饴糖、糖稀、胶饴,331,0.2,0.2,82
1318,18,糖蜜饯类,蜂蜜,蜂蜜、石蜜、石饴、食蜜、蜜、白蜜、白沙蜜、蜜糖、蜂糖、百花精、众口芝,321,0.4,1.9,75.6
1319,18,糖蜜饯类,花生牛轧糖,花生牛轧糖,432,4.9,12.3,75.4
1320,18,糖蜜饯类,胶姆糖,胶姆糖,368,0.1,0,91.9
1321,18,糖蜜饯类,马蹄软糖,马蹄软糖,359,0.1,0,89.6
1322,18,糖蜜饯类,棉花糖,棉花糖,321,4.9,0,75.3
1323,18,糖蜜饯类,奶糖,奶糖,407,2.5,6.6,84.5
1324,18,糖蜜饯类,泡泡糖,泡泡糖,360,0.2,0,89.8
1325,18,糖蜜饯类,巧克力,巧克力、朱古力,586,4.3,40.1,51.9
1326,18,糖蜜饯类,巧克力(酒芯),巧克力、朱古力,400,1.3,12,71.8
1327,18,糖蜜饯类,巧克力(维夫)[朱古力威化],巧克力、朱古力,572,8.2,38.4,48.5
1328,18,糖蜜饯类,山楂球,山楂球,369,0.5,0,91.7
1329,18,糖蜜饯类,什锦糖果,什锦糖果,399,0.3,0.2,98.9
1330,18,糖蜜饯类,水晶糖,水晶糖,395,0.2,0.2,98.1
1331,18,糖蜜饯类,酥糖,酥糖,436,6,13.9,71.6
1332,18,糖蜜饯类,酸三色糖,酸三色糖,397,0,0.4,98.4
1333,18,糖蜜饯类,鲜桃果汁糖,鲜桃果汁糖,397,0,0.2,98.8
1334,18,糖蜜饯类,芝麻南糖,芝麻南糖,538,4.8,35.6,49.7
1335,18,糖蜜饯类,海棠脯,海棠脯,286,0.6,0.2,70.4
1336,18,糖蜜饯类,李广杏脯,李广杏脯,284,2.8,0.3,67.5
1337,18,糖蜜饯类,南瓜果脯,南瓜果脯,336,0.9,0.2,82.6
1338,18,糖蜜饯类,苹果脯,苹果脯,337,0.6,0.1,83.3
1339,18,糖蜜饯类,青梅果脯,青梅果脯,308,1.2,0.6,74.5
1340,18,糖蜜饯类,桃脯,桃脯,310,1.4,0.4,75.2
1341,18,糖蜜饯类,西瓜脯,西瓜脯,307,0.7,0.2,75.5
1342,18,糖蜜饯类,杏脯,杏脯,329,0.8,0.6,80.2
1343,18,糖蜜饯类,金糕,金糕,177,0.2,0.3,43.4
1344,18,糖蜜饯类,金糕条[山楂条],金糕条、山楂条,300,0.6,0.6,73
1345,18,糖蜜饯类,山楂果丹皮,山楂果丹皮,321,1,0.8,77.4
1346,19,油脂类,牛油,牛油,835,0,92,1.8
1347,19,油脂类,牛油(炼),牛油,898,0,99.7,0.1
1348,19,油脂类,鸭油(炼),鸭油,897,0,99.7,0
1349,19,油脂类,羊油,羊油,824,0,88,8
1350,19,油脂类,羊油(炼),羊油,895,0,99,0.9
1351,19,油脂类,猪油(板油),猪油、大油、荤油,827,0,88.7,7.2
1352,19,油脂类,猪油(炼),猪油、大油、荤油,897,0,99.6,0.2
1353,19,油脂类,菜籽油[青油],菜籽油、青油,899,0,99.9,0
1354,19,油脂类,茶油,茶油、山茶油、茶籽油、油茶籽油、楂油、拌树子油、茶子油,899,0,99.9,0
1355,19,油脂类,大麻油,大麻油,899,0,99.9,0
1356,19,油脂类,豆油,豆油,899,0,99.9,0
1357,19,油脂类,红花油,红花油,899,0,99.9,0
1358,19,油脂类,胡麻油,胡麻油,900,0,100,0
1359,19,油脂类,花生油,花生油、落花生油、果油、油、食用油,899,0,99.9,0
1360,19,油脂类,葵花籽油,葵花籽油,899,0,99.9,0
1361,19,油脂类,辣椒油,辣椒油,900,0,100,0
1362,19,油脂类,麻子籽,麻子籽,341,21.8,28.2,0
1363,19,油脂类,麦芽油,麦芽油,899,0,99.9,0
1364,19,油脂类,棉籽油,棉籽油,899,0,99.8,0.1
1365,19,油脂类,色拉油,色拉油,898,0,99.8,0
1366,19,油脂类,椰子油,椰子油,899,0,99.9,0
1367,19,油脂类,玉米油,玉米油,895,0,99.2,0.5
1368,19,油脂类,芝麻油[香油],芝麻油、香油、麻油,898,0,99.7,0.2
1369,19,油脂类,棕榈油,棕榈油,900,0,100,0
1370,19,油脂类,橄榄油,橄榄油,899,0,99.9,0
1371,20,调味品类,酱油(均值),酱油、豉油、酱汁、豉汁,63,5.6,0.1,9.9
1372,20,调味品类,酱油(高级),酱油、豉油、酱汁、豉汁,71,8.4,0.2,9
1373,20,调味品类,酱油(一级),酱油、豉油、酱汁、豉汁,66,8.3,0.6,6.9
1374,20,调味品类,酱油(三级),酱油、豉油、酱汁、豉汁,40,6.8,0.4,2.4
1375,20,调味品类,酱油(冬菇),酱油、豉油、酱汁、豉汁,39,3.5,0.1,5.9
1376,20,调味品类,酱油(多味),酱油、豉油、酱汁、豉汁,86,7.8,0.4,12.9
1377,20,调味品类,酱油(三鲜),酱油、豉油、酱汁、豉汁,41,3.4,0.1,6.6
1378,20,调味品类,酱油(晒制),酱油、豉油、酱汁、豉汁,70,9.4,0.6,6.8
1379,20,调味品类,酱油(特母),酱油、豉油、酱汁、豉汁,55,6.7,0,7.1
1380,20,调味品类,酱油(味精),酱油、豉油、酱汁、豉汁,51,6.9,0.1,5.7
1381,20,调味品类,醋(均值),醋、苦酒、淳酢、酰、米醋、香醋、黑醋、白醋,31,2.1,0.3,4.9
1382,20,调味品类,白醋,白醋、醋、苦酒、淳酢、酰、米醋、香醋、黑醋,6,0.1,0.6,0
1383,20,调味品类,陈醋,陈醋,114,9.8,0.3,17.9
1384,20,调味品类,甘醋,甘醋,37,2.8,0,6.5
1385,20,调味品类,黑醋,黑醋、醋、苦酒、淳酢、酰、米醋、香醋、白醋,91,3.7,0.2,18.5
1386,20,调味品类,五香醋,五香醋,14,0.5,0,3
1387,20,调味品类,香醋,香醋、醋、苦酒、淳酢、酰、米醋、黑醋、白醋,68,3.8,0.1,13
1388,20,调味品类,熏醋,熏醋,43,3,0.4,6.8
1389,20,调味品类,豆瓣酱,豆瓣酱、蚕豆酱,178,13.6,6.8,15.6
1390,20,调味品类,豆瓣酱(辣油),豆瓣酱、蚕豆酱,184,7.9,5.9,24.8
1391,20,调味品类,豆瓣辣酱,豆瓣辣酱,59,3.6,2.4,5.7
1392,20,调味品类,花生酱,花生酱,594,6.9,53,22.3
1393,20,调味品类,黄酱[大酱],黄酱、大酱,131,12.1,1.2,17.9
1394,20,调味品类,酱油膏,酱油膏,99,13,0.7,10.2
1395,20,调味品类,辣椒酱[辣椒糊],辣椒酱、辣椒糊,31,0.8,2.8,0.6
1396,20,调味品类,麻辣酱,麻辣酱,135,5.8,5.1,16.4
1397,20,调味品类,牛肉辣瓣酱,牛肉辣瓣酱,127,9.7,6.1,8.3
1398,20,调味品类,蒜蓉辣酱,蒜蓉辣酱,88,4.8,0.6,15.9
1399,20,调味品类,甜面酱,甜面酱,136,5.5,0.6,27.1
1400,20,调味品类,五香豆豉,五香豆豉,259,24.1,3,33.8
1401,20,调味品类,香油辣酱,香油辣酱,54,2.1,3.6,3.4
1402,20,调味品类,芝麻酱,芝麻酱,618,19.2,52.7,16.8
1403,20,调味品类,郫县辣酱,郫县辣酱,89,4,1,15.9
1404,20,调味品类,草莓酱,草莓酱,269,0.8,0.2,66.1
1405,20,调味品类,番茄酱,番茄酱、茄汁,81,4.9,0.2,14.8
1406,20,调味品类,柠檬酱,柠檬酱,283,0.6,5.1,62.7
1407,20,调味品类,苹果酱,苹果酱,277,0.4,0.1,68.7
1408,20,调味品类,桃酱,桃酱,273,0.4,0.2,67.5
1409,20,调味品类,杏酱,杏酱,286,0.2,0.3,70.5
1410,20,调味品类,腐乳(白)[酱豆腐],腐乳,133,10.9,8.2,3.9
1411,20,调味品类,腐乳(臭)[臭豆腐],腐乳,130,11.6,7.9,3.1
1412,20,调味品类,腐乳(红)[酱豆腐],腐乳,151,12,8.1,7.6
1413,20,调味品类,桂林腐乳,桂林腐乳,204,7.3,11.3,18.2
1414,20,调味品类,糟豆腐乳[糟乳],糟豆腐乳、糟乳,156,11.7,7.4,10.6
1415,20,调味品类,八宝菜,八宝菜,72,4.6,1.4,10.2
1416,20,调味品类,冬菜,冬菜,46,3.5,0.3,7.3
1417,20,调味品类,狗芽菜,狗芽菜,23,1.3,0.1,4.1
1418,20,调味品类,桂花大头菜[佛手疙瘩],桂花大头菜、佛手疙瘩,51,3.2,0.4,8.6
1419,20,调味品类,合锦菜,合锦菜,75,6,0,12.8
1420,20,调味品类,姜(糟),姜、生姜、姜根、百辣云、勾装指、因地辛、炎凉小子、鲜生姜、蜜炙姜、生姜汁、姜汁,27,1.6,0.8,3.4
1421,20,调味品类,酱包瓜,酱包瓜,107,4.7,0,22
1422,20,调味品类,酱大头菜,酱大头菜,36,2.4,0.3,6
1423,20,调味品类,酱甘露[地蚕，甘露子],酱甘露、地蚕、甘露子,37,2.2,0.3,6.3
1424,20,调味品类,酱黄瓜,酱黄瓜,24,3,0.3,2.2
1425,20,调味品类,酱萝卜,酱萝卜,30,3.5,0.4,3.2
1426,20,调味品类,酱蘑菇,酱蘑菇,121,5.4,0.2,24.3
1427,20,调味品类,酱苤蓝丝,酱苤蓝丝,39,5.5,0,4.2
1428,20,调味品类,酱莴笋,酱莴笋,23,2.3,0.2,3.1
1429,20,调味品类,芥菜干,芥菜干,141,13.3,0.8,20.1
1430,20,调味品类,金钱萝卜,金钱萝卜,41,1.6,0.3,8
1431,20,调味品类,辣萝卜条,辣萝卜条,37,1.4,0.5,6.7
1432,20,调味品类,萝卜干,萝卜干,60,3.3,0.2,11.2
1433,20,调味品类,乳黄瓜[嫩黄瓜],乳黄瓜、嫩黄瓜,32,1.7,0.3,5.6
1434,20,调味品类,什锦菜,什锦菜,35,2.9,0.5,4.6
1435,20,调味品类,酸芥菜,酸芥菜,17,1.2,0.1,2.8
1436,20,调味品类,蒜头(酱),蒜头、大蒜、蒜、胡蒜、葫、独蒜、独头蒜,104,4.4,0.1,21.3
1437,20,调味品类,蒜头(甜)[糖蒜],蒜头、大蒜、蒜、胡蒜、葫、独蒜、独头蒜,114,2.1,0.2,25.9
1438,20,调味品类,甜辣黄瓜,甜辣黄瓜,99,2.8,0.2,21.6
1439,20,调味品类,甜酸皎头,甜酸皎头,97,0.5,0.5,22.6
1440,20,调味品类,五香大头菜,五香大头菜,48,4.6,0.2,7
1441,20,调味品类,咸沙葱[蒙古韭],咸沙葱、蒙古韭,25,2.4,0.8,2
1442,20,调味品类,洋姜(腌)[菊芋，鬼子姜],洋姜,34,2.6,0,5.8
1443,20,调味品类,榨菜,榨菜,29,2.2,0.3,4.4
1444,20,调味品类,蕨菜(腌),蕨菜、龙头菜、拳头菜、商山芝、乌糯、龙爪菜、锯菜、猫爪,22,2.5,0.3,2.2
1445,20,调味品类,腌芥菜头[水芥，水疙瘩],腌芥菜头、水芥、水疙瘩,39,2.8,0.1,6.6
1446,20,调味品类,腌芥菜头(煮)[煮芥，煮疙瘩],腌芥菜头,26,2.1,0.2,3.9
1447,20,调味品类,腌韭菜花,腌韭菜花,15,1.3,0.3,1.8
1448,20,调味品类,腌龙须菜,腌龙须菜,67,1.4,0,15.3
1449,20,调味品类,腌雪里红,腌雪里红,25,2.4,0.2,3.3
1450,20,调味品类,八角[大料，大茴香],八角、大料、大茴香、八角茴香、舶上茴香、舶茴香、八角珠、八角香、八角大茴、原油茴、八月珠、五香八角,195,3.8,5.6,32.4
1451,20,调味品类,胡椒粉,胡椒粉、古月粉,357,9.6,2.2,74.6
1452,20,调味品类,花椒,花椒、麻椒、蜀椒、点椒、香椒、大花椒、山椒、花椒粉,258,6.7,8.9,37.8
1453,20,调味品类,黄毛籽,黄毛籽,234,21,15.6,2.3
1454,20,调味品类,芥茉,芥茉、芥末、芥子末、山葵、辣根、西洋芥末、芥辣粉、哇沙比,476,23.6,29.9,28.1
1455,20,调味品类,苦豆子,苦豆子,212,4.6,2.4,42.9
1456,20,调味品类,辣椒粉,辣椒粉,203,15.2,9.5,14.2
1457,20,调味品类,全料蒸肉粉,全料蒸肉粉,342,8.9,1.2,73.9
1458,20,调味品类,五香粉,五香粉,348,1,8,68
1459,20,调味品类,茴香籽[小茴香籽],茴香籽、小茴香籽、茴香、小茴、小香、角茴香、谷茴香,251,14.5,11.8,21.6
1460,20,调味品类,湖盐[青盐],湖盐、青盐,11,0.1,0,2.7
1461,20,调味品类,精盐,精盐,0,0,0,0
1462,20,调味品类,土盐,土盐,0,0,0,0
1463,20,调味品类,味精,味精、味素、味之素,268,40.1,0.2,26.5
1464,20,调味品类,酵母(鲜),酵母,106,2.6,0,23.9
1465,20,调味品类,酵母(干),酵母,356,47.6,1.7,37.6
1466,20,调味品类,咖喱,咖喱、咖哩,415,13,12.2,63.3
1467,20,调味品类,料酒,料酒,1,0.3,0,0
1468,21,药食及其它,白芷,白芷,324,8.9,1.5,68.8
1469,21,药食及其它,薄荷(干),薄荷、番荷菜、升阳菜、银丹草,208,6.8,3.9,36.5
1470,21,药食及其它,薄荷(鲜),薄荷、番荷菜、升阳菜、银丹草,24,4.4,0,1.6
1471,21,药食及其它,北五味子叶(鲜)[五味子，秤砣子],北五味子叶,70,3.9,0.3,13
1472,21,药食及其它,车前(鲜),车前、车前草、当道、胜舄、芣苢、马舄、陵舄、牛舄、牛遗、虾蟆衣、牛舌草、虾蟆草、车轮菜、蛤蚂草、钱贯草、白贯草、地胆头、猪耳草、饭匙草、七星草、五根草、黄蟆鱼草、蟾蜍草、猪肚草、灰盆草、钱串草、五斤草、驴耳朵菜、医马草、马蹄草、鸭脚板、牛甜草、黄蟆叶、田菠菜、车轱辘菜、牛耳朵棵、打官司草,0,0,0,0
1473,21,药食及其它,车前子(鲜)[车轮菜],车前子,67,4,1,10.4
1474,21,药食及其它,陈皮,陈皮,278,8,1.4,58.3
1475,21,药食及其它,丁香,丁香,359,0.3,17.2,50.7
1476,21,药食及其它,防风(根，鲜),防风,0,0,0,0
1477,21,药食及其它,防风(叶，鲜),防风,0,0,0,0
1478,21,药食及其它,甘草,甘草、生甘草、粉甘草、甘草梢、甜根子、美草、蜜草、国老、甜草、粉草、蜜甘,203,4.9,4.2,36.3
1479,21,药食及其它,高良姜,高良姜,169,10.9,5.7,18.6
1480,21,药食及其它,红花,红花,220,4.6,4.9,39.4
1481,21,药食及其它,虎杖(鲜),虎杖,0,0,0,0
1482,21,药食及其它,菊花[怀菊花],菊花、怀菊花、甘菊花、洋甘菊、白菊花、黄甘菊、药菊、白茶菊、茶菊、滁菊、毫菊、杭菊、贡菊,242,6,3.3,47.1
1483,21,药食及其它,决明(鲜),决明,0,0,0,0
1484,21,药食及其它,莱菔子,莱菔子,352,18.8,30,1.6
1485,21,药食及其它,罗汉果,罗汉果、假苦瓜、拉汉果、光果木鳖、拉汗果、金不换、罗汉表、裸龟巴,169,13.4,0.8,27
1486,21,药食及其它,木榧[园榧],木榧、园榧,539,12.4,42,27.9
1487,21,药食及其它,肉豆蔻,肉豆蔻,465,8.1,35.2,28.9
1488,21,药食及其它,肉桂,肉桂、牡桂、紫桂、大桂、辣桂、桂皮、玉桂、菌桂、桂、筒桂,199,11.7,2.7,31.9
1489,21,药食及其它,砂仁,砂仁,208,8.1,1.5,40.4
1490,21,药食及其它,桃仁,桃仁,429,0.1,37.6,22.5
1491,21,药食及其它,乌梅,乌梅、酸梅、黄仔、合汉梅、干枝梅、梅实、黑梅、熏梅、桔梅肉,219,6.8,2.3,42.7
1492,21,药食及其它,郁李仁,郁李仁,484,24.8,42.7,0
1493,21,药食及其它,枣仁,枣仁,367,0.8,24.1,36.8
1494,21,药食及其它,紫苏,紫苏、白苏、赤苏、红苏、香苏、黑苏、白紫苏、青苏、野苏、苏麻、苏草、唐紫苏、桂芢、皱叶苏,174,0.2,11.9,16.4
1495,21,药食及其它,紫苏(鲜)[赤苏，白苏],紫苏、白苏、赤苏、红苏、香苏、黑苏、白紫苏、青苏、野苏、苏麻、苏草、唐紫苏、桂芢、皱叶苏,51,3.8,1.3,6.1
1496,21,药食及其它,茯苓,茯苓,16,1.2,0.5,1.7
1497,21,药食及其它,藿香,藿香,189,10.5,5,25.5
1498,21,药食及其它,藿香叶(鲜)[兜娄婆香],藿香叶,89,8.6,1.7,9.9
1499,21,药食及其它,枸杞子,枸杞子、甘杞、枸杞、贡杞、红耳坠、苟起子、枸杞红实、西枸杞、狗奶子、血枸子、枸杞豆、血杞子,258,13.9,1.5,47.2
1500,21,药食及其它,甲鱼[鳖],甲鱼、鳖、水鱼、团鱼、鼋鱼、元鱼、老鳖、王八,118,17.8,4.3,2.1
1501,21,药食及其它,田鸡[青蛙],田鸡、青蛙、水鸡、虎纹蛙,93,20.5,1.2,0
1502,21,药食及其它,田鸡腿[青蛙腿],田鸡腿、青蛙腿,79,11.8,1.4,4.7
1503,21,药食及其它,中国鲎[水鳖子],中国鲎、水鳖子,63,10.3,1.5,2.1
1504,21,药食及其它,过树榕蛇,过树榕蛇,75,13.7,0.2,4.5
1505,21,药食及其它,锦蛇,锦蛇,94,20.3,0.7,1.6
1506,21,药食及其它,三索线蛇,三索线蛇,76,11.8,0.1,6.9
1507,21,药食及其它,水蛇,水蛇,90,14.4,1,5.9
1508,21,药食及其它,蚕蛹,蚕蛹、茧蛹、小蜂儿,230,21.5,13,6.7
1509,21,药食及其它,冬虫夏草[虫草],冬虫夏草、虫草,292,20.9,4.7,41.5
1510,21,药食及其它,蝎子,蝎子,177,26.2,4.7,7.5
1511,21,药食及其它,沙参,沙参、南沙参、泡参、泡沙参,82,0.8,1.6,21.6
1512,21,药食及其它,香椿,香椿、椿芽、香椿芽、香椿头、香椿尖、椿叶、春尖头,47,1.7,0.4,10.9
